dfs_time;bfs_time;algorithm;num_vertices;num_edges;total_ram;cpu_model
0.001743;0.00025;IsBipartite;730;1792;29308923904;AMD Ryzen 7 5700G with Radeon Graphics
0.003678;0.000631;IsBipartite;649;1427;16636850176;Intel(R) Core(TM) i5-8350U CPU @ 1.70GHz
0.036079;0.038165;NumCC;763;1894;16636850176;Intel(R) Core(TM) i5-8350U CPU @ 1.70GHz
0.001934;0.00029;IsBipartite;744;1857;29308923904;AMD Ryzen 7 5700G with Radeon Graphics
0.007575;0.000509;IsBipartite;896;2684;16636850176;Intel(R) Core(TM) i5-8350U CPU @ 1.70GHz
0.03291;0.037138;NumCC;747;1830;16636850176;Intel(R) Core(TM) i5-8350U CPU @ 1.70GHz
0.000531;0.000121;IsBipartite;552;1026;29308923904;AMD Ryzen 7 5700G with Radeon Graphics
0.009498;0.010389;NumCC;569;1038;29308923904;AMD Ryzen 7 5700G with Radeon Graphics
0.002275;0.00027;IsBipartite;793;2128;29308923904;AMD Ryzen 7 5700G with Radeon Graphics
0.027958;0.03271;NumCC;678;1526;16636850176;Intel(R) Core(TM) i5-8350U CPU @ 1.70GHz
0.000912;0.00019;IsBipartite;607;1231;29308923904;AMD Ryzen 7 5700G with Radeon Graphics
0.000812;0.000361;IsBipartite;523;911;29308923904;AMD Ryzen 7 5700G with Radeon Graphics
0.003627;0.00013;IsBipartite;930;2920;29308923904;AMD Ryzen 7 5700G with Radeon Graphics
0.003898;0.00015;IsBipartite;963;3195;29308923904;AMD Ryzen 7 5700G with Radeon Graphics
0.00307;0.000845;IsBipartite;573;1081;16636850176;Intel(R) Core(TM) i5-8350U CPU @ 1.70GHz
0.002454;0.00033;IsBipartite;807;2212;29308923904;AMD Ryzen 7 5700G with Radeon Graphics
0.001914;0.00024;IsBipartite;767;2004;29308923904;AMD Ryzen 7 5700G with Radeon Graphics
0.002223;0.00076;IsBipartite;546;960;16636850176;Intel(R) Core(TM) i5-8350U CPU @ 1.70GHz
0.003126;0.000371;IsBipartite;847;2428;29308923904;AMD Ryzen 7 5700G with Radeon Graphics
0.000801;0.000181;IsBipartite;609;1211;29308923904;AMD Ryzen 7 5700G with Radeon Graphics
0.020318;0.02128;NumCC;979;3164;29308923904;AMD Ryzen 7 5700G with Radeon Graphics
0.001864;0.00017;IsBipartite;754;1903;29308923904;AMD Ryzen 7 5700G with Radeon Graphics
0.030955;0.036445;NumCC;735;1814;16636850176;Intel(R) Core(TM) i5-8350U CPU @ 1.70GHz
0.020515;0.033063;NumCC;509;857;16636850176;Intel(R) Core(TM) i5-8350U CPU @ 1.70GHz
0.009644;0.00055;IsBipartite;977;3218;16636850176;Intel(R) Core(TM) i5-8350U CPU @ 1.70GHz
0.037375;0.044602;NumCC;844;2390;16636850176;Intel(R) Core(TM) i5-8350U CPU @ 1.70GHz
0.0266;0.031213;NumCC;645;1427;16636850176;Intel(R) Core(TM) i5-8350U CPU @ 1.70GHz
0.00446;0.000511;IsBipartite;747;1891;16636850176;Intel(R) Core(TM) i5-8350U CPU @ 1.70GHz
0.016191;0.016731;NumCC;816;2209;29308923904;AMD Ryzen 7 5700G with Radeon Graphics
0.033231;0.039265;NumCC;769;1985;16636850176;Intel(R) Core(TM) i5-8350U CPU @ 1.70GHz
0.011131;0.000875;IsBipartite;1000;3404;16636850176;Intel(R) Core(TM) i5-8350U CPU @ 1.70GHz
0.017783;0.018144;NumCC;861;2494;29308923904;AMD Ryzen 7 5700G with Radeon Graphics
0.005721;0.000698;IsBipartite;763;1967;16636850176;Intel(R) Core(TM) i5-8350U CPU @ 1.70GHz
0.010269;0.01067;NumCC;568;1154;29308923904;AMD Ryzen 7 5700G with Radeon Graphics
0.045798;0.053911;NumCC;970;3115;16636850176;Intel(R) Core(TM) i5-8350U CPU @ 1.70GHz
0.018324;0.020609;NumCC;900;2727;29308923904;AMD Ryzen 7 5700G with Radeon Graphics
0.003377;0.00037;IsBipartite;900;2690;29308923904;AMD Ryzen 7 5700G with Radeon Graphics
0.017853;0.017683;NumCC;864;2428;29308923904;AMD Ryzen 7 5700G with Radeon Graphics
0.017713;0.018665;NumCC;885;2511;29308923904;AMD Ryzen 7 5700G with Radeon Graphics
0.00129;0.000435;IsBipartite;535;963;16636850176;Intel(R) Core(TM) i5-8350U CPU @ 1.70GHz
0.008701;0.000497;IsBipartite;951;3065;16636850176;Intel(R) Core(TM) i5-8350U CPU @ 1.70GHz
0.002755;0.00031;IsBipartite;870;2445;29308923904;AMD Ryzen 7 5700G with Radeon Graphics
0.03438;0.039528;NumCC;783;2029;16636850176;Intel(R) Core(TM) i5-8350U CPU @ 1.70GHz
0.002856;0.00019;IsBipartite;894;2573;29308923904;AMD Ryzen 7 5700G with Radeon Graphics
0.027244;0.031814;NumCC;665;1489;16636850176;Intel(R) Core(TM) i5-8350U CPU @ 1.70GHz
0.002484;0.000151;IsBipartite;859;2438;29308923904;AMD Ryzen 7 5700G with Radeon Graphics
0.000421;0.00016;IsBipartite;508;835;29308923904;AMD Ryzen 7 5700G with Radeon Graphics
0.001062;0.000271;IsBipartite;607;1266;29308923904;AMD Ryzen 7 5700G with Radeon Graphics
0.010539;0.011382;NumCC;598;1231;29308923904;AMD Ryzen 7 5700G with Radeon Graphics
0.014928;0.015539;NumCC;763;1955;29308923904;AMD Ryzen 7 5700G with Radeon Graphics
0.002635;0.000401;IsBipartite;798;2122;29308923904;AMD Ryzen 7 5700G with Radeon Graphics
0.002221;0.00088;IsBipartite;551;939;16636850176;Intel(R) Core(TM) i5-8350U CPU @ 1.70GHz
0.019867;0.02128;NumCC;957;3024;29308923904;AMD Ryzen 7 5700G with Radeon Graphics
0.018485;0.019837;NumCC;924;2878;29308923904;AMD Ryzen 7 5700G with Radeon Graphics
0.002695;0.000261;IsBipartite;845;2378;29308923904;AMD Ryzen 7 5700G with Radeon Graphics
0.003366;0.000391;IsBipartite;928;2786;29308923904;AMD Ryzen 7 5700G with Radeon Graphics
0.005426;0.000751;IsBipartite;781;1998;16636850176;Intel(R) Core(TM) i5-8350U CPU @ 1.70GHz
0.006325;0.001163;IsBipartite;783;2038;16636850176;Intel(R) Core(TM) i5-8350U CPU @ 1.70GHz
0.019326;0.019807;NumCC;935;2926;29308923904;AMD Ryzen 7 5700G with Radeon Graphics
0.013826;0.014638;NumCC;720;1748;29308923904;AMD Ryzen 7 5700G with Radeon Graphics
0.015119;0.015729;NumCC;768;1949;29308923904;AMD Ryzen 7 5700G with Radeon Graphics
0.003887;0.000261;IsBipartite;992;3293;29308923904;AMD Ryzen 7 5700G with Radeon Graphics
0.002305;0.00022;IsBipartite;811;2214;29308923904;AMD Ryzen 7 5700G with Radeon Graphics
0.023723;0.026793;NumCC;581;1184;16636850176;Intel(R) Core(TM) i5-8350U CPU @ 1.70GHz
0.045775;0.054003;NumCC;975;3165;16636850176;Intel(R) Core(TM) i5-8350U CPU @ 1.70GHz
0.005789;0.000832;IsBipartite;783;2034;16636850176;Intel(R) Core(TM) i5-8350U CPU @ 1.70GHz
0.000441;0.00011;IsBipartite;591;1147;29308923904;AMD Ryzen 7 5700G with Radeon Graphics
0.017252;0.017803;NumCC;853;2403;29308923904;AMD Ryzen 7 5700G with Radeon Graphics
0.008944;0.000722;IsBipartite;944;2985;16636850176;Intel(R) Core(TM) i5-8350U CPU @ 1.70GHz
0.000441;0.00015;IsBipartite;526;895;29308923904;AMD Ryzen 7 5700G with Radeon Graphics
0.019368;0.022157;NumCC;518;903;16636850176;Intel(R) Core(TM) i5-8350U CPU @ 1.70GHz
0.020496;0.022993;NumCC;511;937;16636850176;Intel(R) Core(TM) i5-8350U CPU @ 1.70GHz
0.005229;0.000949;IsBipartite;739;1831;16636850176;Intel(R) Core(TM) i5-8350U CPU @ 1.70GHz
0.040818;0.046747;NumCC;864;2542;16636850176;Intel(R) Core(TM) i5-8350U CPU @ 1.70GHz
0.001693;0.0003;IsBipartite;683;1567;29308923904;AMD Ryzen 7 5700G with Radeon Graphics
0.043147;0.052383;NumCC;949;3000;16636850176;Intel(R) Core(TM) i5-8350U CPU @ 1.70GHz
0.000902;0.00025;IsBipartite;589;1149;29308923904;AMD Ryzen 7 5700G with Radeon Graphics
0.001653;0.00021;IsBipartite;733;1787;29308923904;AMD Ryzen 7 5700G with Radeon Graphics
0.010998;0.001801;IsBipartite;821;2277;16636850176;Intel(R) Core(TM) i5-8350U CPU @ 1.70GHz
0.003767;0.00032;IsBipartite;955;3033;29308923904;AMD Ryzen 7 5700G with Radeon Graphics
0.017783;0.018004;NumCC;868;2509;29308923904;AMD Ryzen 7 5700G with Radeon Graphics
0.050063;0.066722;NumCC;999;3440;16636850176;Intel(R) Core(TM) i5-8350U CPU @ 1.70GHz
0.043476;0.048306;NumCC;850;2435;16636850176;Intel(R) Core(TM) i5-8350U CPU @ 1.70GHz
0.008821;0.001026;IsBipartite;823;2282;16636850176;Intel(R) Core(TM) i5-8350U CPU @ 1.70GHz
0.005054;0.001214;IsBipartite;685;1591;16636850176;Intel(R) Core(TM) i5-8350U CPU @ 1.70GHz
0.045108;0.053969;NumCC;968;3116;16636850176;Intel(R) Core(TM) i5-8350U CPU @ 1.70GHz
0.020298;0.021811;NumCC;978;3151;29308923904;AMD Ryzen 7 5700G with Radeon Graphics
0.000862;0.00028;IsBipartite;560;1033;29308923904;AMD Ryzen 7 5700G with Radeon Graphics
0.015319;0.014988;NumCC;773;1948;29308923904;AMD Ryzen 7 5700G with Radeon Graphics
0.006134;0.000773;IsBipartite;789;2105;16636850176;Intel(R) Core(TM) i5-8350U CPU @ 1.70GHz
0.046091;0.055777;NumCC;981;3264;16636850176;Intel(R) Core(TM) i5-8350U CPU @ 1.70GHz
0.007902;0.001094;IsBipartite;901;2635;16636850176;Intel(R) Core(TM) i5-8350U CPU @ 1.70GHz
0.020188;0.020489;NumCC;939;3009;29308923904;AMD Ryzen 7 5700G with Radeon Graphics
0.032504;0.038034;NumCC;749;1926;16636850176;Intel(R) Core(TM) i5-8350U CPU @ 1.70GHz
0.005209;0.000644;IsBipartite;779;1992;16636850176;Intel(R) Core(TM) i5-8350U CPU @ 1.70GHz
0.003397;0.00029;IsBipartite;928;2820;29308923904;AMD Ryzen 7 5700G with Radeon Graphics
0.003486;0.000161;IsBipartite;954;3039;29308923904;AMD Ryzen 7 5700G with Radeon Graphics
0.000591;0.000191;IsBipartite;518;902;29308923904;AMD Ryzen 7 5700G with Radeon Graphics
0.002755;0.00037;IsBipartite;828;2355;29308923904;AMD Ryzen 7 5700G with Radeon Graphics
0.019003;0.02209;NumCC;510;842;16636850176;Intel(R) Core(TM) i5-8350U CPU @ 1.70GHz
0.000801;0.000251;IsBipartite;551;1050;29308923904;AMD Ryzen 7 5700G with Radeon Graphics
0.014788;0.015218;NumCC;746;1918;29308923904;AMD Ryzen 7 5700G with Radeon Graphics
0.001773;0.00013;IsBipartite;742;1892;29308923904;AMD Ryzen 7 5700G with Radeon Graphics
0.000411;0.00019;IsBipartite;514;850;29308923904;AMD Ryzen 7 5700G with Radeon Graphics
0.018034;0.019316;NumCC;888;2668;29308923904;AMD Ryzen 7 5700G with Radeon Graphics
0.026419;0.02599;NumCC;521;887;16636850176;Intel(R) Core(TM) i5-8350U CPU @ 1.70GHz
0.008997;0.009798;NumCC;534;960;29308923904;AMD Ryzen 7 5700G with Radeon Graphics
0.031299;0.037108;NumCC;743;1797;16636850176;Intel(R) Core(TM) i5-8350U CPU @ 1.70GHz
0.008943;0.001077;IsBipartite;900;2729;16636850176;Intel(R) Core(TM) i5-8350U CPU @ 1.70GHz
0.003269;0.000887;IsBipartite;574;1080;16636850176;Intel(R) Core(TM) i5-8350U CPU @ 1.70GHz
0.009979;0.01084;NumCC;586;1101;29308923904;AMD Ryzen 7 5700G with Radeon Graphics
0.015279;0.016311;NumCC;792;2148;29308923904;AMD Ryzen 7 5700G with Radeon Graphics
0.01075;0.011542;NumCC;612;1255;29308923904;AMD Ryzen 7 5700G with Radeon Graphics
0.008331;0.000681;IsBipartite;925;2819;16636850176;Intel(R) Core(TM) i5-8350U CPU @ 1.70GHz
0.013225;0.013996;NumCC;703;1716;29308923904;AMD Ryzen 7 5700G with Radeon Graphics
0.002254;0.000181;IsBipartite;785;2151;29308923904;AMD Ryzen 7 5700G with Radeon Graphics
0.016531;0.017533;NumCC;835;2252;29308923904;AMD Ryzen 7 5700G with Radeon Graphics
0.010006;0.001021;IsBipartite;967;3114;16636850176;Intel(R) Core(TM) i5-8350U CPU @ 1.70GHz
0.002144;0.00035;IsBipartite;745;1898;29308923904;AMD Ryzen 7 5700G with Radeon Graphics
0.008497;0.000789;IsBipartite;939;2917;16636850176;Intel(R) Core(TM) i5-8350U CPU @ 1.70GHz
0.045581;0.054458;NumCC;986;3213;16636850176;Intel(R) Core(TM) i5-8350U CPU @ 1.70GHz
0.000832;0.00011;IsBipartite;655;1447;29308923904;AMD Ryzen 7 5700G with Radeon Graphics
0.03252;0.03687;NumCC;729;1824;16636850176;Intel(R) Core(TM) i5-8350U CPU @ 1.70GHz
0.001052;0.000241;IsBipartite;627;1309;29308923904;AMD Ryzen 7 5700G with Radeon Graphics
0.003587;0.00022;IsBipartite;963;3068;29308923904;AMD Ryzen 7 5700G with Radeon Graphics
0.031756;0.035514;NumCC;712;1698;16636850176;Intel(R) Core(TM) i5-8350U CPU @ 1.70GHz
0.001172;0.000251;IsBipartite;540;961;29308923904;AMD Ryzen 7 5700G with Radeon Graphics
0.015299;0.015579;NumCC;776;2018;29308923904;AMD Ryzen 7 5700G with Radeon Graphics
0.016391;0.016951;NumCC;840;2332;29308923904;AMD Ryzen 7 5700G with Radeon Graphics
0.001474;0.000501;IsBipartite;543;944;16636850176;Intel(R) Core(TM) i5-8350U CPU @ 1.70GHz
0.028903;0.03436;NumCC;694;1659;16636850176;Intel(R) Core(TM) i5-8350U CPU @ 1.70GHz
0.001152;0.000411;IsBipartite;566;1070;29308923904;AMD Ryzen 7 5700G with Radeon Graphics
0.034994;0.0398;NumCC;780;1940;16636850176;Intel(R) Core(TM) i5-8350U CPU @ 1.70GHz
0.028091;0.032652;NumCC;661;1529;16636850176;Intel(R) Core(TM) i5-8350U CPU @ 1.70GHz
0.002021;0.000693;IsBipartite;556;1046;16636850176;Intel(R) Core(TM) i5-8350U CPU @ 1.70GHz
0.017653;0.018064;NumCC;869;2429;29308923904;AMD Ryzen 7 5700G with Radeon Graphics
0.001543;0.000331;IsBipartite;707;1648;29308923904;AMD Ryzen 7 5700G with Radeon Graphics
0.045054;0.053283;NumCC;947;3047;16636850176;Intel(R) Core(TM) i5-8350U CPU @ 1.70GHz
0.001432;0.000311;IsBipartite;649;1382;29308923904;AMD Ryzen 7 5700G with Radeon Graphics
0.000821;0.000371;IsBipartite;512;891;29308923904;AMD Ryzen 7 5700G with Radeon Graphics
0.004761;0.000819;IsBipartite;678;1539;16636850176;Intel(R) Core(TM) i5-8350U CPU @ 1.70GHz
0.00243;0.000787;IsBipartite;563;1043;16636850176;Intel(R) Core(TM) i5-8350U CPU @ 1.70GHz
0.038368;0.04561;NumCC;854;2387;16636850176;Intel(R) Core(TM) i5-8350U CPU @ 1.70GHz
0.012834;0.013615;NumCC;685;1549;29308923904;AMD Ryzen 7 5700G with Radeon Graphics
0.014907;0.015068;NumCC;765;1894;29308923904;AMD Ryzen 7 5700G with Radeon Graphics
0.0035;0.000832;IsBipartite;656;1428;16636850176;Intel(R) Core(TM) i5-8350U CPU @ 1.70GHz
0.009284;0.000815;IsBipartite;957;3084;16636850176;Intel(R) Core(TM) i5-8350U CPU @ 1.70GHz
0.01023;0.0108;NumCC;577;1142;29308923904;AMD Ryzen 7 5700G with Radeon Graphics
0.011019;0.00105;IsBipartite;984;3190;16636850176;Intel(R) Core(TM) i5-8350U CPU @ 1.70GHz
0.006794;0.000744;IsBipartite;869;2495;16636850176;Intel(R) Core(TM) i5-8350U CPU @ 1.70GHz
0.035863;0.042448;NumCC;817;2216;16636850176;Intel(R) Core(TM) i5-8350U CPU @ 1.70GHz
0.008706;0.009358;NumCC;511;898;29308923904;AMD Ryzen 7 5700G with Radeon Graphics
0.010791;0.011211;NumCC;605;1234;29308923904;AMD Ryzen 7 5700G with Radeon Graphics
0.002519;0.000369;IsBipartite;624;1292;16636850176;Intel(R) Core(TM) i5-8350U CPU @ 1.70GHz
0.002114;0.000271;IsBipartite;800;2062;29308923904;AMD Ryzen 7 5700G with Radeon Graphics
0.008947;0.009738;NumCC;523;975;29308923904;AMD Ryzen 7 5700G with Radeon Graphics
0.000661;0.00014;IsBipartite;632;1322;29308923904;AMD Ryzen 7 5700G with Radeon Graphics
0.001494;0.000343;IsBipartite;587;1089;16636850176;Intel(R) Core(TM) i5-8350U CPU @ 1.70GHz
0.002595;0.00022;IsBipartite;843;2287;29308923904;AMD Ryzen 7 5700G with Radeon Graphics
0.026008;0.028277;NumCC;599;1216;16636850176;Intel(R) Core(TM) i5-8350U CPU @ 1.70GHz
0.030899;0.035565;NumCC;719;1709;16636850176;Intel(R) Core(TM) i5-8350U CPU @ 1.70GHz
0.009168;0.009688;NumCC;546;956;29308923904;AMD Ryzen 7 5700G with Radeon Graphics
0.009127;0.009899;NumCC;532;971;29308923904;AMD Ryzen 7 5700G with Radeon Graphics
0.008716;0.009017;NumCC;518;843;29308923904;AMD Ryzen 7 5700G with Radeon Graphics
0.010512;0.001178;IsBipartite;983;3180;16636850176;Intel(R) Core(TM) i5-8350U CPU @ 1.70GHz
0.000531;0.00017;IsBipartite;507;945;29308923904;AMD Ryzen 7 5700G with Radeon Graphics
0.003306;0.000401;IsBipartite;839;2445;29308923904;AMD Ryzen 7 5700G with Radeon Graphics
0.000842;0.00037;IsBipartite;534;933;29308923904;AMD Ryzen 7 5700G with Radeon Graphics
0.005513;0.000804;IsBipartite;759;1875;16636850176;Intel(R) Core(TM) i5-8350U CPU @ 1.70GHz
0.02838;0.03101;NumCC;649;1397;16636850176;Intel(R) Core(TM) i5-8350U CPU @ 1.70GHz
0.009648;0.010159;NumCC;562;1068;29308923904;AMD Ryzen 7 5700G with Radeon Graphics
0.000341;0.00011;IsBipartite;513;880;29308923904;AMD Ryzen 7 5700G with Radeon Graphics
0.013956;0.014648;NumCC;741;1837;29308923904;AMD Ryzen 7 5700G with Radeon Graphics
0.027915;0.032185;NumCC;665;1501;16636850176;Intel(R) Core(TM) i5-8350U CPU @ 1.70GHz
0.005608;0.000596;IsBipartite;761;1918;16636850176;Intel(R) Core(TM) i5-8350U CPU @ 1.70GHz
0.00749;0.001213;IsBipartite;852;2431;16636850176;Intel(R) Core(TM) i5-8350U CPU @ 1.70GHz
0.000892;0.000421;IsBipartite;522;918;29308923904;AMD Ryzen 7 5700G with Radeon Graphics
0.002415;0.00019;IsBipartite;799;2111;29308923904;AMD Ryzen 7 5700G with Radeon Graphics
0.017133;0.018154;NumCC;861;2458;29308923904;AMD Ryzen 7 5700G with Radeon Graphics
0.007134;0.000782;IsBipartite;828;2285;16636850176;Intel(R) Core(TM) i5-8350U CPU @ 1.70GHz
0.011722;0.012223;NumCC;637;1370;29308923904;AMD Ryzen 7 5700G with Radeon Graphics
0.01593;0.016511;NumCC;809;2162;29308923904;AMD Ryzen 7 5700G with Radeon Graphics
0.002986;0.0003;IsBipartite;854;2390;29308923904;AMD Ryzen 7 5700G with Radeon Graphics
0.001382;0.000251;IsBipartite;704;1612;29308923904;AMD Ryzen 7 5700G with Radeon Graphics
0.003153;0.000974;IsBipartite;631;1327;16636850176;Intel(R) Core(TM) i5-8350U CPU @ 1.70GHz
0.014056;0.014447;NumCC;734;1795;29308923904;AMD Ryzen 7 5700G with Radeon Graphics
0.014437;0.015489;NumCC;749;1873;29308923904;AMD Ryzen 7 5700G with Radeon Graphics
0.01034;0.01075;NumCC;590;1170;29308923904;AMD Ryzen 7 5700G with Radeon Graphics
0.037798;0.042961;NumCC;823;2236;16636850176;Intel(R) Core(TM) i5-8350U CPU @ 1.70GHz
0.000972;0.000231;IsBipartite;635;1327;29308923904;AMD Ryzen 7 5700G with Radeon Graphics
0.007303;0.000969;IsBipartite;728;1782;16636850176;Intel(R) Core(TM) i5-8350U CPU @ 1.70GHz
0.030822;0.02652;NumCC;559;1062;16636850176;Intel(R) Core(TM) i5-8350U CPU @ 1.70GHz
0.013426;0.013705;NumCC;712;1658;29308923904;AMD Ryzen 7 5700G with Radeon Graphics
0.044855;0.05307;NumCC;974;3064;16636850176;Intel(R) Core(TM) i5-8350U CPU @ 1.70GHz
0.020468;0.02109;NumCC;979;3135;29308923904;AMD Ryzen 7 5700G with Radeon Graphics
0.005696;0.001256;IsBipartite;754;1846;16636850176;Intel(R) Core(TM) i5-8350U CPU @ 1.70GHz
0.000481;0.00018;IsBipartite;532;894;29308923904;AMD Ryzen 7 5700G with Radeon Graphics
0.024075;0.021781;NumCC;992;3360;29308923904;AMD Ryzen 7 5700G with Radeon Graphics
0.001503;0.00025;IsBipartite;699;1684;29308923904;AMD Ryzen 7 5700G with Radeon Graphics
0.009688;0.010169;NumCC;563;1014;29308923904;AMD Ryzen 7 5700G with Radeon Graphics
0.014507;0.015079;NumCC;762;1907;29308923904;AMD Ryzen 7 5700G with Radeon Graphics
0.015158;0.015629;NumCC;768;2012;29308923904;AMD Ryzen 7 5700G with Radeon Graphics
0.001202;0.000181;IsBipartite;663;1495;29308923904;AMD Ryzen 7 5700G with Radeon Graphics
0.05162;0.055467;NumCC;939;2927;16636850176;Intel(R) Core(TM) i5-8350U CPU @ 1.70GHz
0.043772;0.048566;NumCC;892;2703;16636850176;Intel(R) Core(TM) i5-8350U CPU @ 1.70GHz
0.011281;0.011512;NumCC;622;1298;29308923904;AMD Ryzen 7 5700G with Radeon Graphics
0.003296;0.000241;IsBipartite;912;2760;29308923904;AMD Ryzen 7 5700G with Radeon Graphics
0.015489;0.01587;NumCC;788;2071;29308923904;AMD Ryzen 7 5700G with Radeon Graphics
0.002254;0.000331;IsBipartite;802;2119;29308923904;AMD Ryzen 7 5700G with Radeon Graphics
0.012043;0.012533;NumCC;647;1376;29308923904;AMD Ryzen 7 5700G with Radeon Graphics
0.047168;0.055655;NumCC;971;3337;16636850176;Intel(R) Core(TM) i5-8350U CPU @ 1.70GHz
0.013405;0.001593;IsBipartite;972;3065;16636850176;Intel(R) Core(TM) i5-8350U CPU @ 1.70GHz
0.015299;0.01586;NumCC;769;2006;29308923904;AMD Ryzen 7 5700G with Radeon Graphics
0.014927;0.015699;NumCC;773;2022;29308923904;AMD Ryzen 7 5700G with Radeon Graphics
0.027316;0.032339;NumCC;666;1531;16636850176;Intel(R) Core(TM) i5-8350U CPU @ 1.70GHz
0.001192;0.00024;IsBipartite;708;1636;29308923904;AMD Ryzen 7 5700G with Radeon Graphics
0.011875;0.001271;IsBipartite;964;3094;16636850176;Intel(R) Core(TM) i5-8350U CPU @ 1.70GHz
0.017724;0.018324;NumCC;870;2557;29308923904;AMD Ryzen 7 5700G with Radeon Graphics
0.025254;0.028504;NumCC;619;1264;16636850176;Intel(R) Core(TM) i5-8350U CPU @ 1.70GHz
0.033953;0.034077;NumCC;687;1629;16636850176;Intel(R) Core(TM) i5-8350U CPU @ 1.70GHz
0.014447;0.015129;NumCC;752;1913;29308923904;AMD Ryzen 7 5700G with Radeon Graphics
0.020548;0.023735;NumCC;908;2807;29308923904;AMD Ryzen 7 5700G with Radeon Graphics
0.001012;0.000461;IsBipartite;539;988;29308923904;AMD Ryzen 7 5700G with Radeon Graphics
0.006856;0.000983;IsBipartite;816;2143;16636850176;Intel(R) Core(TM) i5-8350U CPU @ 1.70GHz
0.008453;0.000749;IsBipartite;943;2891;16636850176;Intel(R) Core(TM) i5-8350U CPU @ 1.70GHz
0.002645;0.00036;IsBipartite;815;2210;29308923904;AMD Ryzen 7 5700G with Radeon Graphics
0.012207;0.00072;IsBipartite;923;2809;16636850176;Intel(R) Core(TM) i5-8350U CPU @ 1.70GHz
0.001102;0.00018;IsBipartite;681;1501;29308923904;AMD Ryzen 7 5700G with Radeon Graphics
0.004965;0.000588;IsBipartite;798;2116;16636850176;Intel(R) Core(TM) i5-8350U CPU @ 1.70GHz
0.005854;0.00071;IsBipartite;852;2367;16636850176;Intel(R) Core(TM) i5-8350U CPU @ 1.70GHz
0.002478;0.00087;IsBipartite;511;876;16636850176;Intel(R) Core(TM) i5-8350U CPU @ 1.70GHz
0.042456;0.050352;NumCC;934;2819;16636850176;Intel(R) Core(TM) i5-8350U CPU @ 1.70GHz
0.019257;0.020137;NumCC;934;2983;29308923904;AMD Ryzen 7 5700G with Radeon Graphics
0.027055;0.03595;NumCC;661;1450;16636850176;Intel(R) Core(TM) i5-8350U CPU @ 1.70GHz
0.008451;0.00046;IsBipartite;960;3077;16636850176;Intel(R) Core(TM) i5-8350U CPU @ 1.70GHz
0.014036;0.014558;NumCC;725;1802;29308923904;AMD Ryzen 7 5700G with Radeon Graphics
0.003086;0.00023;IsBipartite;893;2631;29308923904;AMD Ryzen 7 5700G with Radeon Graphics
0.001649;0.000757;IsBipartite;506;827;16636850176;Intel(R) Core(TM) i5-8350U CPU @ 1.70GHz
0.003006;0.000491;IsBipartite;837;2437;29308923904;AMD Ryzen 7 5700G with Radeon Graphics
0.009047;0.009648;NumCC;530;956;29308923904;AMD Ryzen 7 5700G with Radeon Graphics
0.000812;0.00024;IsBipartite;572;1128;29308923904;AMD Ryzen 7 5700G with Radeon Graphics
0.053108;0.068992;NumCC;873;2478;16636850176;Intel(R) Core(TM) i5-8350U CPU @ 1.70GHz
0.032297;0.037813;NumCC;749;1835;16636850176;Intel(R) Core(TM) i5-8350U CPU @ 1.70GHz
0.01625;0.017213;NumCC;837;2304;29308923904;AMD Ryzen 7 5700G with Radeon Graphics
0.014698;0.015369;NumCC;753;1896;29308923904;AMD Ryzen 7 5700G with Radeon Graphics
0.032286;0.038063;NumCC;743;1921;16636850176;Intel(R) Core(TM) i5-8350U CPU @ 1.70GHz
0.000871;0.000361;IsBipartite;545;958;29308923904;AMD Ryzen 7 5700G with Radeon Graphics
0.020829;0.020829;NumCC;993;3175;29308923904;AMD Ryzen 7 5700G with Radeon Graphics
0.034875;0.041445;NumCC;800;2123;16636850176;Intel(R) Core(TM) i5-8350U CPU @ 1.70GHz
0.003821;0.000718;IsBipartite;705;1639;16636850176;Intel(R) Core(TM) i5-8350U CPU @ 1.70GHz
0.001543;0.000221;IsBipartite;705;1698;29308923904;AMD Ryzen 7 5700G with Radeon Graphics
0.017012;0.018134;NumCC;842;2429;29308923904;AMD Ryzen 7 5700G with Radeon Graphics
0.003496;0.000381;IsBipartite;888;2602;29308923904;AMD Ryzen 7 5700G with Radeon Graphics
0.009062;0.000505;IsBipartite;976;3159;16636850176;Intel(R) Core(TM) i5-8350U CPU @ 1.70GHz
0.014086;0.014598;NumCC;731;1828;29308923904;AMD Ryzen 7 5700G with Radeon Graphics
0.006953;0.001074;IsBipartite;824;2204;16636850176;Intel(R) Core(TM) i5-8350U CPU @ 1.70GHz
0.002314;0.000211;IsBipartite;822;2231;29308923904;AMD Ryzen 7 5700G with Radeon Graphics
0.016902;0.017783;NumCC;850;2398;29308923904;AMD Ryzen 7 5700G with Radeon Graphics
0.037654;0.044759;NumCC;845;2375;16636850176;Intel(R) Core(TM) i5-8350U CPU @ 1.70GHz
0.002144;0.000211;IsBipartite;828;2256;29308923904;AMD Ryzen 7 5700G with Radeon Graphics
0.001102;0.00026;IsBipartite;610;1260;29308923904;AMD Ryzen 7 5700G with Radeon Graphics
0.009377;0.000865;IsBipartite;912;2749;16636850176;Intel(R) Core(TM) i5-8350U CPU @ 1.70GHz
0.047165;0.053349;NumCC;959;3054;16636850176;Intel(R) Core(TM) i5-8350U CPU @ 1.70GHz
0.037596;0.044701;NumCC;848;2371;16636850176;Intel(R) Core(TM) i5-8350U CPU @ 1.70GHz
0.046677;0.052634;NumCC;957;2989;16636850176;Intel(R) Core(TM) i5-8350U CPU @ 1.70GHz
0.010209;0.01074;NumCC;577;1146;29308923904;AMD Ryzen 7 5700G with Radeon Graphics
0.000562;0.00019;IsBipartite;557;996;29308923904;AMD Ryzen 7 5700G with Radeon Graphics
0.009478;0.010049;NumCC;547;989;29308923904;AMD Ryzen 7 5700G with Radeon Graphics
0.002299;0.000613;IsBipartite;561;1057;16636850176;Intel(R) Core(TM) i5-8350U CPU @ 1.70GHz
0.01627;0.017092;NumCC;825;2304;29308923904;AMD Ryzen 7 5700G with Radeon Graphics
0.002353;0.000696;IsBipartite;623;1234;16636850176;Intel(R) Core(TM) i5-8350U CPU @ 1.70GHz
0.004584;0.000735;IsBipartite;734;1817;16636850176;Intel(R) Core(TM) i5-8350U CPU @ 1.70GHz
0.003387;0.00031;IsBipartite;903;2811;29308923904;AMD Ryzen 7 5700G with Radeon Graphics
0.005506;0.00055;IsBipartite;753;1836;16636850176;Intel(R) Core(TM) i5-8350U CPU @ 1.70GHz
0.001862;0.000606;IsBipartite;523;866;16636850176;Intel(R) Core(TM) i5-8350U CPU @ 1.70GHz
0.002538;0.000705;IsBipartite;640;1311;16636850176;Intel(R) Core(TM) i5-8350U CPU @ 1.70GHz
0.002195;0.00055;IsBipartite;651;1381;16636850176;Intel(R) Core(TM) i5-8350U CPU @ 1.70GHz
0.010851;0.000797;IsBipartite;978;3202;16636850176;Intel(R) Core(TM) i5-8350U CPU @ 1.70GHz
0.008516;0.009457;NumCC;513;899;29308923904;AMD Ryzen 7 5700G with Radeon Graphics
0.000661;0.0001;IsBipartite;562;1089;29308923904;AMD Ryzen 7 5700G with Radeon Graphics
0.000661;0.00015;IsBipartite;579;1103;29308923904;AMD Ryzen 7 5700G with Radeon Graphics
0.000741;0.000201;IsBipartite;586;1172;29308923904;AMD Ryzen 7 5700G with Radeon Graphics
0.000491;0.00014;IsBipartite;559;979;29308923904;AMD Ryzen 7 5700G with Radeon Graphics
0.009278;0.000582;IsBipartite;956;3025;16636850176;Intel(R) Core(TM) i5-8350U CPU @ 1.70GHz
0.001663;0.00016;IsBipartite;749;1876;29308923904;AMD Ryzen 7 5700G with Radeon Graphics
0.014527;0.015099;NumCC;750;1834;29308923904;AMD Ryzen 7 5700G with Radeon Graphics
0.04348;0.051574;NumCC;950;2987;16636850176;Intel(R) Core(TM) i5-8350U CPU @ 1.70GHz
0.002444;0.000401;IsBipartite;764;2035;29308923904;AMD Ryzen 7 5700G with Radeon Graphics
0.031279;0.037222;NumCC;745;1829;16636850176;Intel(R) Core(TM) i5-8350U CPU @ 1.70GHz
0.002343;0.000861;IsBipartite;501;833;16636850176;Intel(R) Core(TM) i5-8350U CPU @ 1.70GHz
0.004078;0.00019;IsBipartite;981;3274;29308923904;AMD Ryzen 7 5700G with Radeon Graphics
0.009328;0.009678;NumCC;546;987;29308923904;AMD Ryzen 7 5700G with Radeon Graphics
0.031349;0.035695;NumCC;719;1704;16636850176;Intel(R) Core(TM) i5-8350U CPU @ 1.70GHz
0.029014;0.032351;NumCC;665;1509;16636850176;Intel(R) Core(TM) i5-8350U CPU @ 1.70GHz
0.041658;0.048972;NumCC;903;2745;16636850176;Intel(R) Core(TM) i5-8350U CPU @ 1.70GHz
0.00212;0.000754;IsBipartite;567;1044;16636850176;Intel(R) Core(TM) i5-8350U CPU @ 1.70GHz
0.015549;0.01577;NumCC;796;2137;29308923904;AMD Ryzen 7 5700G with Radeon Graphics
0.006669;0.001338;IsBipartite;812;2183;16636850176;Intel(R) Core(TM) i5-8350U CPU @ 1.70GHz
0.004514;0.000705;IsBipartite;755;1831;16636850176;Intel(R) Core(TM) i5-8350U CPU @ 1.70GHz
0.007941;0.001027;IsBipartite;708;1724;16636850176;Intel(R) Core(TM) i5-8350U CPU @ 1.70GHz
0.001082;0.000561;IsBipartite;509;868;29308923904;AMD Ryzen 7 5700G with Radeon Graphics
0.005531;0.000568;IsBipartite;791;2136;16636850176;Intel(R) Core(TM) i5-8350U CPU @ 1.70GHz
0.026733;0.030351;NumCC;632;1311;16636850176;Intel(R) Core(TM) i5-8350U CPU @ 1.70GHz
0.039126;0.046567;NumCC;875;2486;16636850176;Intel(R) Core(TM) i5-8350U CPU @ 1.70GHz
0.036057;0.046595;NumCC;829;2255;16636850176;Intel(R) Core(TM) i5-8350U CPU @ 1.70GHz
0.029657;0.026516;NumCC;535;940;16636850176;Intel(R) Core(TM) i5-8350U CPU @ 1.70GHz
0.021446;0.024253;NumCC;555;1021;16636850176;Intel(R) Core(TM) i5-8350U CPU @ 1.70GHz
0.001908;0.000496;IsBipartite;546;996;16636850176;Intel(R) Core(TM) i5-8350U CPU @ 1.70GHz
0.019286;0.019437;NumCC;922;2944;29308923904;AMD Ryzen 7 5700G with Radeon Graphics
0.003364;0.000534;IsBipartite;654;1442;16636850176;Intel(R) Core(TM) i5-8350U CPU @ 1.70GHz
0.048937;0.044238;NumCC;759;1886;16636850176;Intel(R) Core(TM) i5-8350U CPU @ 1.70GHz
0.003358;0.000779;IsBipartite;631;1332;16636850176;Intel(R) Core(TM) i5-8350U CPU @ 1.70GHz
0.008677;0.009588;NumCC;528;852;29308923904;AMD Ryzen 7 5700G with Radeon Graphics
0.032275;0.037442;NumCC;757;1859;16636850176;Intel(R) Core(TM) i5-8350U CPU @ 1.70GHz
0.036061;0.03987;NumCC;770;2068;16636850176;Intel(R) Core(TM) i5-8350U CPU @ 1.70GHz
0.002034;0.000341;IsBipartite;753;1809;29308923904;AMD Ryzen 7 5700G with Radeon Graphics
0.00789;0.000903;IsBipartite;903;2692;16636850176;Intel(R) Core(TM) i5-8350U CPU @ 1.70GHz
0.002865;0.000191;IsBipartite;903;2666;29308923904;AMD Ryzen 7 5700G with Radeon Graphics
0.002855;0.00023;IsBipartite;931;2753;29308923904;AMD Ryzen 7 5700G with Radeon Graphics
0.001493;0.00033;IsBipartite;699;1593;29308923904;AMD Ryzen 7 5700G with Radeon Graphics
0.000761;0.00018;IsBipartite;574;1141;29308923904;AMD Ryzen 7 5700G with Radeon Graphics
0.001102;0.00028;IsBipartite;636;1318;29308923904;AMD Ryzen 7 5700G with Radeon Graphics
0.043663;0.049888;NumCC;886;2569;16636850176;Intel(R) Core(TM) i5-8350U CPU @ 1.70GHz
0.002895;0.000261;IsBipartite;867;2470;29308923904;AMD Ryzen 7 5700G with Radeon Graphics
0.003958;0.00036;IsBipartite;962;3020;29308923904;AMD Ryzen 7 5700G with Radeon Graphics
0.018054;0.019447;NumCC;893;2620;29308923904;AMD Ryzen 7 5700G with Radeon Graphics
0.012503;0.012854;NumCC;666;1511;29308923904;AMD Ryzen 7 5700G with Radeon Graphics
0.016891;0.016922;NumCC;824;2267;29308923904;AMD Ryzen 7 5700G with Radeon Graphics
0.002544;0.000453;IsBipartite;664;1494;16636850176;Intel(R) Core(TM) i5-8350U CPU @ 1.70GHz
0.002885;0.000251;IsBipartite;894;2685;29308923904;AMD Ryzen 7 5700G with Radeon Graphics
0.001543;0.00025;IsBipartite;740;1792;29308923904;AMD Ryzen 7 5700G with Radeon Graphics
0.001092;0.00022;IsBipartite;593;1232;29308923904;AMD Ryzen 7 5700G with Radeon Graphics
0.001012;0.00025;IsBipartite;629;1332;29308923904;AMD Ryzen 7 5700G with Radeon Graphics
0.027512;0.028585;NumCC;610;1229;16636850176;Intel(R) Core(TM) i5-8350U CPU @ 1.70GHz
0.005836;0.00106;IsBipartite;785;2009;16636850176;Intel(R) Core(TM) i5-8350U CPU @ 1.70GHz
0.01078;0.011211;NumCC;610;1262;29308923904;AMD Ryzen 7 5700G with Radeon Graphics
0.038889;0.036039;NumCC;714;1679;16636850176;Intel(R) Core(TM) i5-8350U CPU @ 1.70GHz
0.020538;0.02108;NumCC;984;3215;29308923904;AMD Ryzen 7 5700G with Radeon Graphics
0.022197;0.025734;NumCC;572;1097;16636850176;Intel(R) Core(TM) i5-8350U CPU @ 1.70GHz
0.010129;0.01055;NumCC;573;1100;29308923904;AMD Ryzen 7 5700G with Radeon Graphics
0.050776;0.059698;NumCC;853;2397;16636850176;Intel(R) Core(TM) i5-8350U CPU @ 1.70GHz
0.031193;0.036963;NumCC;730;1792;16636850176;Intel(R) Core(TM) i5-8350U CPU @ 1.70GHz
0.016751;0.016842;NumCC;833;2268;29308923904;AMD Ryzen 7 5700G with Radeon Graphics
0.002414;0.000281;IsBipartite;829;2270;29308923904;AMD Ryzen 7 5700G with Radeon Graphics
0.004701;0.00058;IsBipartite;707;1732;16636850176;Intel(R) Core(TM) i5-8350U CPU @ 1.70GHz
0.017763;0.018285;NumCC;877;2585;29308923904;AMD Ryzen 7 5700G with Radeon Graphics
0.016151;0.016811;NumCC;815;2173;29308923904;AMD Ryzen 7 5700G with Radeon Graphics
0.019997;0.020288;NumCC;949;3045;29308923904;AMD Ryzen 7 5700G with Radeon Graphics
0.010518;0.001145;IsBipartite;970;3084;16636850176;Intel(R) Core(TM) i5-8350U CPU @ 1.70GHz
0.007989;0.000343;IsBipartite;920;2848;16636850176;Intel(R) Core(TM) i5-8350U CPU @ 1.70GHz
0.022302;0.021631;NumCC;998;3254;29308923904;AMD Ryzen 7 5700G with Radeon Graphics
0.001853;0.000151;IsBipartite;759;1932;29308923904;AMD Ryzen 7 5700G with Radeon Graphics
0.009706;0.001207;IsBipartite;932;2883;16636850176;Intel(R) Core(TM) i5-8350U CPU @ 1.70GHz
0.006986;0.000611;IsBipartite;869;2483;16636850176;Intel(R) Core(TM) i5-8350U CPU @ 1.70GHz
0.044833;0.046171;NumCC;854;2411;16636850176;Intel(R) Core(TM) i5-8350U CPU @ 1.70GHz
0.009879;0.010279;NumCC;553;1038;29308923904;AMD Ryzen 7 5700G with Radeon Graphics
0.02777;0.03235;NumCC;676;1459;16636850176;Intel(R) Core(TM) i5-8350U CPU @ 1.70GHz
0.01085;0.011271;NumCC;602;1197;29308923904;AMD Ryzen 7 5700G with Radeon Graphics
0.019032;0.022222;NumCC;513;871;16636850176;Intel(R) Core(TM) i5-8350U CPU @ 1.70GHz
0.002174;0.00018;IsBipartite;822;2186;29308923904;AMD Ryzen 7 5700G with Radeon Graphics
0.002364;0.00014;IsBipartite;837;2318;29308923904;AMD Ryzen 7 5700G with Radeon Graphics
0.008687;0.009147;NumCC;515;881;29308923904;AMD Ryzen 7 5700G with Radeon Graphics
0.0102;0.000479;IsBipartite;950;3091;16636850176;Intel(R) Core(TM) i5-8350U CPU @ 1.70GHz
0.003557;0.000361;IsBipartite;921;2846;29308923904;AMD Ryzen 7 5700G with Radeon Graphics
0.009468;0.010149;NumCC;549;1044;29308923904;AMD Ryzen 7 5700G with Radeon Graphics
0.009848;0.010189;NumCC;562;1041;29308923904;AMD Ryzen 7 5700G with Radeon Graphics
0.001062;0.00012;IsBipartite;674;1479;29308923904;AMD Ryzen 7 5700G with Radeon Graphics
0.0336;0.038636;NumCC;756;1979;16636850176;Intel(R) Core(TM) i5-8350U CPU @ 1.70GHz
0.019326;0.019768;NumCC;926;2841;29308923904;AMD Ryzen 7 5700G with Radeon Graphics
0.003116;0.000241;IsBipartite;888;2633;29308923904;AMD Ryzen 7 5700G with Radeon Graphics
0.009061;0.000711;IsBipartite;949;2876;16636850176;Intel(R) Core(TM) i5-8350U CPU @ 1.70GHz
0.00868;0.000597;IsBipartite;959;3029;16636850176;Intel(R) Core(TM) i5-8350U CPU @ 1.70GHz
0.025746;0.029967;NumCC;629;1321;16636850176;Intel(R) Core(TM) i5-8350U CPU @ 1.70GHz
0.020248;0.02137;NumCC;965;3111;29308923904;AMD Ryzen 7 5700G with Radeon Graphics
0.008706;0.009628;NumCC;526;864;29308923904;AMD Ryzen 7 5700G with Radeon Graphics
0.000871;0.000291;IsBipartite;559;1061;29308923904;AMD Ryzen 7 5700G with Radeon Graphics
0.003984;0.000977;IsBipartite;682;1535;16636850176;Intel(R) Core(TM) i5-8350U CPU @ 1.70GHz
0.002753;0.0004;IsBipartite;625;1359;16636850176;Intel(R) Core(TM) i5-8350U CPU @ 1.70GHz
0.002719;0.00069;IsBipartite;629;1330;16636850176;Intel(R) Core(TM) i5-8350U CPU @ 1.70GHz
0.017794;0.018545;NumCC;880;2605;29308923904;AMD Ryzen 7 5700G with Radeon Graphics
0.047941;0.063246;NumCC;841;2344;16636850176;Intel(R) Core(TM) i5-8350U CPU @ 1.70GHz
0.044093;0.03856;NumCC;761;1934;16636850176;Intel(R) Core(TM) i5-8350U CPU @ 1.70GHz
0.0104;0.011161;NumCC;583;1166;29308923904;AMD Ryzen 7 5700G with Radeon Graphics
0.014768;0.015469;NumCC;762;1925;29308923904;AMD Ryzen 7 5700G with Radeon Graphics
0.001264;0.000397;IsBipartite;501;906;16636850176;Intel(R) Core(TM) i5-8350U CPU @ 1.70GHz
0.004008;0.00035;IsBipartite;997;3286;29308923904;AMD Ryzen 7 5700G with Radeon Graphics
0.032749;0.037624;NumCC;751;1861;16636850176;Intel(R) Core(TM) i5-8350U CPU @ 1.70GHz
0.009007;0.009748;NumCC;523;946;29308923904;AMD Ryzen 7 5700G with Radeon Graphics
0.010209;0.01071;NumCC;585;1114;29308923904;AMD Ryzen 7 5700G with Radeon Graphics
0.005327;0.001006;IsBipartite;738;1836;16636850176;Intel(R) Core(TM) i5-8350U CPU @ 1.70GHz
0.001062;0.000351;IsBipartite;536;943;29308923904;AMD Ryzen 7 5700G with Radeon Graphics
0.031088;0.035647;NumCC;721;1733;16636850176;Intel(R) Core(TM) i5-8350U CPU @ 1.70GHz
0.031232;0.036224;NumCC;734;1841;16636850176;Intel(R) Core(TM) i5-8350U CPU @ 1.70GHz
0.017723;0.018685;NumCC;878;2589;29308923904;AMD Ryzen 7 5700G with Radeon Graphics
0.010686;0.00074;IsBipartite;939;2913;16636850176;Intel(R) Core(TM) i5-8350U CPU @ 1.70GHz
0.043126;0.051474;NumCC;942;2990;16636850176;Intel(R) Core(TM) i5-8350U CPU @ 1.70GHz
0.003607;0.000972;IsBipartite;680;1561;16636850176;Intel(R) Core(TM) i5-8350U CPU @ 1.70GHz
0.012474;0.012704;NumCC;662;1453;29308923904;AMD Ryzen 7 5700G with Radeon Graphics
0.012774;0.013485;NumCC;690;1584;29308923904;AMD Ryzen 7 5700G with Radeon Graphics
0.012654;0.013094;NumCC;681;1532;29308923904;AMD Ryzen 7 5700G with Radeon Graphics
0.020208;0.020779;NumCC;967;2989;29308923904;AMD Ryzen 7 5700G with Radeon Graphics
0.002767;0.000819;IsBipartite;597;1255;16636850176;Intel(R) Core(TM) i5-8350U CPU @ 1.70GHz
0.009109;0.0009;IsBipartite;920;2833;16636850176;Intel(R) Core(TM) i5-8350U CPU @ 1.70GHz
0.018826;0.019045;NumCC;923;2782;29308923904;AMD Ryzen 7 5700G with Radeon Graphics
0.002046;0.00043;IsBipartite;626;1282;16636850176;Intel(R) Core(TM) i5-8350U CPU @ 1.70GHz
0.041309;0.049044;NumCC;907;2704;16636850176;Intel(R) Core(TM) i5-8350U CPU @ 1.70GHz
0.004248;0.000431;IsBipartite;967;3173;29308923904;AMD Ryzen 7 5700G with Radeon Graphics
0.005507;0.000502;IsBipartite;780;2006;16636850176;Intel(R) Core(TM) i5-8350U CPU @ 1.70GHz
0.004294;0.000869;IsBipartite;716;1653;16636850176;Intel(R) Core(TM) i5-8350U CPU @ 1.70GHz
0.003825;0.000415;IsBipartite;723;1761;16636850176;Intel(R) Core(TM) i5-8350U CPU @ 1.70GHz
0.013264;0.013956;NumCC;710;1611;29308923904;AMD Ryzen 7 5700G with Radeon Graphics
0.042784;0.052436;NumCC;949;2997;16636850176;Intel(R) Core(TM) i5-8350U CPU @ 1.70GHz
0.006648;0.001036;IsBipartite;822;2355;16636850176;Intel(R) Core(TM) i5-8350U CPU @ 1.70GHz
0.037585;0.037782;NumCC;745;1879;16636850176;Intel(R) Core(TM) i5-8350U CPU @ 1.70GHz
0.000511;0.00016;IsBipartite;529;906;29308923904;AMD Ryzen 7 5700G with Radeon Graphics
0.033406;0.038516;NumCC;769;1938;16636850176;Intel(R) Core(TM) i5-8350U CPU @ 1.70GHz
0.020629;0.024085;NumCC;544;974;16636850176;Intel(R) Core(TM) i5-8350U CPU @ 1.70GHz
0.002424;0.000595;IsBipartite;636;1349;16636850176;Intel(R) Core(TM) i5-8350U CPU @ 1.70GHz
0.019627;0.019767;NumCC;924;2858;29308923904;AMD Ryzen 7 5700G with Radeon Graphics
0.008488;0.00058;IsBipartite;910;2732;16636850176;Intel(R) Core(TM) i5-8350U CPU @ 1.70GHz
0.001784;0.00027;IsBipartite;768;1952;29308923904;AMD Ryzen 7 5700G with Radeon Graphics
0.011622;0.012043;NumCC;631;1318;29308923904;AMD Ryzen 7 5700G with Radeon Graphics
0.004138;0.000949;IsBipartite;641;1421;16636850176;Intel(R) Core(TM) i5-8350U CPU @ 1.70GHz
0.020742;0.023961;NumCC;535;992;16636850176;Intel(R) Core(TM) i5-8350U CPU @ 1.70GHz
0.003387;0.00029;IsBipartite;907;2858;29308923904;AMD Ryzen 7 5700G with Radeon Graphics
0.0105;0.01081;NumCC;588;1161;29308923904;AMD Ryzen 7 5700G with Radeon Graphics
0.001754;0.00036;IsBipartite;720;1703;29308923904;AMD Ryzen 7 5700G with Radeon Graphics
0.007662;0.000748;IsBipartite;873;2533;16636850176;Intel(R) Core(TM) i5-8350U CPU @ 1.70GHz
0.012794;0.013155;NumCC;675;1538;29308923904;AMD Ryzen 7 5700G with Radeon Graphics
0.011484;0.001047;IsBipartite;879;2635;16636850176;Intel(R) Core(TM) i5-8350U CPU @ 1.70GHz
0.002117;0.000901;IsBipartite;505;848;16636850176;Intel(R) Core(TM) i5-8350U CPU @ 1.70GHz
0.01036;0.01091;NumCC;582;1191;29308923904;AMD Ryzen 7 5700G with Radeon Graphics
0.008044;0.000645;IsBipartite;881;2667;16636850176;Intel(R) Core(TM) i5-8350U CPU @ 1.70GHz
0.003146;0.00028;IsBipartite;901;2622;29308923904;AMD Ryzen 7 5700G with Radeon Graphics
0.003617;0.00017;IsBipartite;993;3193;29308923904;AMD Ryzen 7 5700G with Radeon Graphics
0.035696;0.043005;NumCC;819;2277;16636850176;Intel(R) Core(TM) i5-8350U CPU @ 1.70GHz
0.007284;0.000614;IsBipartite;855;2507;16636850176;Intel(R) Core(TM) i5-8350U CPU @ 1.70GHz
0.01094;0.011332;NumCC;600;1236;29308923904;AMD Ryzen 7 5700G with Radeon Graphics
0.008039;0.000512;IsBipartite;917;2791;16636850176;Intel(R) Core(TM) i5-8350U CPU @ 1.70GHz
0.006839;0.000724;IsBipartite;845;2348;16636850176;Intel(R) Core(TM) i5-8350U CPU @ 1.70GHz
0.003878;0.00038;IsBipartite;920;2869;29308923904;AMD Ryzen 7 5700G with Radeon Graphics
0.004068;0.000762;IsBipartite;708;1699;16636850176;Intel(R) Core(TM) i5-8350U CPU @ 1.70GHz
0.021078;0.023794;NumCC;537;988;16636850176;Intel(R) Core(TM) i5-8350U CPU @ 1.70GHz
0.012985;0.013315;NumCC;689;1473;29308923904;AMD Ryzen 7 5700G with Radeon Graphics
0.031842;0.036497;NumCC;732;1787;16636850176;Intel(R) Core(TM) i5-8350U CPU @ 1.70GHz
0.029938;0.03661;NumCC;547;958;16636850176;Intel(R) Core(TM) i5-8350U CPU @ 1.70GHz
0.015139;0.016;NumCC;777;2079;29308923904;AMD Ryzen 7 5700G with Radeon Graphics
0.032402;0.044042;NumCC;731;1787;16636850176;Intel(R) Core(TM) i5-8350U CPU @ 1.70GHz
0.000641;0.000151;IsBipartite;594;1125;29308923904;AMD Ryzen 7 5700G with Radeon Graphics
0.022676;0.025913;NumCC;577;1111;16636850176;Intel(R) Core(TM) i5-8350U CPU @ 1.70GHz
0.018435;0.019216;NumCC;886;2618;29308923904;AMD Ryzen 7 5700G with Radeon Graphics
0.003677;0.000925;IsBipartite;594;1159;16636850176;Intel(R) Core(TM) i5-8350U CPU @ 1.70GHz
0.039146;0.045925;NumCC;868;2490;16636850176;Intel(R) Core(TM) i5-8350U CPU @ 1.70GHz
0.011472;0.012092;NumCC;647;1319;29308923904;AMD Ryzen 7 5700G with Radeon Graphics
0.005442;0.00061;IsBipartite;777;2016;16636850176;Intel(R) Core(TM) i5-8350U CPU @ 1.70GHz
0.008558;0.000978;IsBipartite;900;2675;16636850176;Intel(R) Core(TM) i5-8350U CPU @ 1.70GHz
0.013135;0.013866;NumCC;688;1630;29308923904;AMD Ryzen 7 5700G with Radeon Graphics
0.038903;0.047143;NumCC;879;2537;16636850176;Intel(R) Core(TM) i5-8350U CPU @ 1.70GHz
0.001122;0.00024;IsBipartite;670;1481;29308923904;AMD Ryzen 7 5700G with Radeon Graphics
0.018955;0.019297;NumCC;912;2783;29308923904;AMD Ryzen 7 5700G with Radeon Graphics
0.027506;0.031921;NumCC;622;1285;16636850176;Intel(R) Core(TM) i5-8350U CPU @ 1.70GHz
0.011732;0.012283;NumCC;642;1401;29308923904;AMD Ryzen 7 5700G with Radeon Graphics
0.002946;0.00019;IsBipartite;931;2793;29308923904;AMD Ryzen 7 5700G with Radeon Graphics
0.032145;0.037133;NumCC;743;1858;16636850176;Intel(R) Core(TM) i5-8350U CPU @ 1.70GHz
0.012293;0.012694;NumCC;664;1497;29308923904;AMD Ryzen 7 5700G with Radeon Graphics
0.000371;0.00016;IsBipartite;510;812;29308923904;AMD Ryzen 7 5700G with Radeon Graphics
0.040468;0.04309;NumCC;826;2267;16636850176;Intel(R) Core(TM) i5-8350U CPU @ 1.70GHz
0.005725;0.000611;IsBipartite;797;2133;16636850176;Intel(R) Core(TM) i5-8350U CPU @ 1.70GHz
0.013175;0.013876;NumCC;703;1559;29308923904;AMD Ryzen 7 5700G with Radeon Graphics
0.002154;0.00015;IsBipartite;836;2293;29308923904;AMD Ryzen 7 5700G with Radeon Graphics
0.003016;0.000381;IsBipartite;891;2548;29308923904;AMD Ryzen 7 5700G with Radeon Graphics
0.000942;0.000301;IsBipartite;560;1066;29308923904;AMD Ryzen 7 5700G with Radeon Graphics
0.016401;0.016741;NumCC;821;2203;29308923904;AMD Ryzen 7 5700G with Radeon Graphics
0.008337;0.000822;IsBipartite;885;2659;16636850176;Intel(R) Core(TM) i5-8350U CPU @ 1.70GHz
0.039743;0.047317;NumCC;883;2596;16636850176;Intel(R) Core(TM) i5-8350U CPU @ 1.70GHz
0.020729;0.021981;NumCC;983;3227;29308923904;AMD Ryzen 7 5700G with Radeon Graphics
0.001754;0.00027;IsBipartite;714;1717;29308923904;AMD Ryzen 7 5700G with Radeon Graphics
0.000581;0.0001;IsBipartite;574;1125;29308923904;AMD Ryzen 7 5700G with Radeon Graphics
0.011682;0.012023;NumCC;633;1365;29308923904;AMD Ryzen 7 5700G with Radeon Graphics
0.028548;0.035721;NumCC;621;1199;16636850176;Intel(R) Core(TM) i5-8350U CPU @ 1.70GHz
0.003226;0.000529;IsBipartite;653;1530;16636850176;Intel(R) Core(TM) i5-8350U CPU @ 1.70GHz
0.009858;0.01063;NumCC;573;1052;29308923904;AMD Ryzen 7 5700G with Radeon Graphics
0.001692;0.000852;IsBipartite;513;900;16636850176;Intel(R) Core(TM) i5-8350U CPU @ 1.70GHz
0.005487;0.001091;IsBipartite;634;1391;16636850176;Intel(R) Core(TM) i5-8350U CPU @ 1.70GHz
0.039264;0.04716;NumCC;885;2578;16636850176;Intel(R) Core(TM) i5-8350U CPU @ 1.70GHz
0.011211;0.020498;NumCC;624;1291;29308923904;AMD Ryzen 7 5700G with Radeon Graphics
0.001483;0.00025;IsBipartite;723;1723;29308923904;AMD Ryzen 7 5700G with Radeon Graphics
0.006054;0.00089;IsBipartite;743;1855;16636850176;Intel(R) Core(TM) i5-8350U CPU @ 1.70GHz
0.005201;0.000826;IsBipartite;670;1401;16636850176;Intel(R) Core(TM) i5-8350U CPU @ 1.70GHz
0.024202;0.02778;NumCC;589;1152;16636850176;Intel(R) Core(TM) i5-8350U CPU @ 1.70GHz
0.021921;0.024316;NumCC;997;3304;29308923904;AMD Ryzen 7 5700G with Radeon Graphics
0.021073;0.023949;NumCC;552;989;16636850176;Intel(R) Core(TM) i5-8350U CPU @ 1.70GHz
0.001695;0.000485;IsBipartite;578;1116;16636850176;Intel(R) Core(TM) i5-8350U CPU @ 1.70GHz
0.000971;0.0002;IsBipartite;642;1340;29308923904;AMD Ryzen 7 5700G with Radeon Graphics
0.01065;0.011171;NumCC;597;1170;29308923904;AMD Ryzen 7 5700G with Radeon Graphics
0.008293;0.000283;IsBipartite;924;2883;16636850176;Intel(R) Core(TM) i5-8350U CPU @ 1.70GHz
0.011552;0.011972;NumCC;627;1344;29308923904;AMD Ryzen 7 5700G with Radeon Graphics
0.019569;0.022366;NumCC;505;838;16636850176;Intel(R) Core(TM) i5-8350U CPU @ 1.70GHz
0.033619;0.039342;NumCC;767;1935;16636850176;Intel(R) Core(TM) i5-8350U CPU @ 1.70GHz
0.009483;0.0007;IsBipartite;980;3108;16636850176;Intel(R) Core(TM) i5-8350U CPU @ 1.70GHz
0.001012;0.00017;IsBipartite;637;1388;29308923904;AMD Ryzen 7 5700G with Radeon Graphics
0.029954;0.034799;NumCC;704;1621;16636850176;Intel(R) Core(TM) i5-8350U CPU @ 1.70GHz
0.033296;0.03936;NumCC;770;1900;16636850176;Intel(R) Core(TM) i5-8350U CPU @ 1.70GHz
0.003135;0.000301;IsBipartite;879;2576;29308923904;AMD Ryzen 7 5700G with Radeon Graphics
0.020809;0.020989;NumCC;977;3180;29308923904;AMD Ryzen 7 5700G with Radeon Graphics
0.012047;0.00093;IsBipartite;941;2972;16636850176;Intel(R) Core(TM) i5-8350U CPU @ 1.70GHz
0.003828;0.00012;IsBipartite;992;3241;29308923904;AMD Ryzen 7 5700G with Radeon Graphics
0.01582;0.016301;NumCC;789;2112;29308923904;AMD Ryzen 7 5700G with Radeon Graphics
0.014892;0.000882;IsBipartite;881;2491;16636850176;Intel(R) Core(TM) i5-8350U CPU @ 1.70GHz
0.005973;0.001483;IsBipartite;715;1695;16636850176;Intel(R) Core(TM) i5-8350U CPU @ 1.70GHz
0.048492;0.053161;NumCC;956;3070;16636850176;Intel(R) Core(TM) i5-8350U CPU @ 1.70GHz
0.014468;0.014296;NumCC;736;1803;29308923904;AMD Ryzen 7 5700G with Radeon Graphics
0.003507;0.00018;IsBipartite;978;3167;29308923904;AMD Ryzen 7 5700G with Radeon Graphics
0.009631;0.000767;IsBipartite;877;2655;16636850176;Intel(R) Core(TM) i5-8350U CPU @ 1.70GHz
0.018054;0.019526;NumCC;889;2689;29308923904;AMD Ryzen 7 5700G with Radeon Graphics
0.003888;0.00017;IsBipartite;998;3331;29308923904;AMD Ryzen 7 5700G with Radeon Graphics
0.009311;0.000568;IsBipartite;968;3239;16636850176;Intel(R) Core(TM) i5-8350U CPU @ 1.70GHz
0.020829;0.020068;NumCC;914;2785;29308923904;AMD Ryzen 7 5700G with Radeon Graphics
0.03955;0.047136;NumCC;870;2562;16636850176;Intel(R) Core(TM) i5-8350U CPU @ 1.70GHz
0.002966;0.000261;IsBipartite;869;2565;29308923904;AMD Ryzen 7 5700G with Radeon Graphics
0.00238;0.000604;IsBipartite;558;1116;16636850176;Intel(R) Core(TM) i5-8350U CPU @ 1.70GHz
0.020068;0.020418;NumCC;950;2975;29308923904;AMD Ryzen 7 5700G with Radeon Graphics
0.020971;0.0239;NumCC;546;989;16636850176;Intel(R) Core(TM) i5-8350U CPU @ 1.70GHz
0.004869;0.000806;IsBipartite;749;1857;16636850176;Intel(R) Core(TM) i5-8350U CPU @ 1.70GHz
0.006862;0.000867;IsBipartite;806;2192;16636850176;Intel(R) Core(TM) i5-8350U CPU @ 1.70GHz
0.019787;0.019647;NumCC;923;2847;29308923904;AMD Ryzen 7 5700G with Radeon Graphics
0.029468;0.033584;NumCC;693;1576;16636850176;Intel(R) Core(TM) i5-8350U CPU @ 1.70GHz
0.006732;0.000632;IsBipartite;880;2514;16636850176;Intel(R) Core(TM) i5-8350U CPU @ 1.70GHz
0.001313;0.000361;IsBipartite;630;1283;29308923904;AMD Ryzen 7 5700G with Radeon Graphics
0.009886;0.001377;IsBipartite;918;2838;16636850176;Intel(R) Core(TM) i5-8350U CPU @ 1.70GHz
0.004345;0.000893;IsBipartite;711;1683;16636850176;Intel(R) Core(TM) i5-8350U CPU @ 1.70GHz
0.0294;0.032424;NumCC;678;1507;16636850176;Intel(R) Core(TM) i5-8350U CPU @ 1.70GHz
0.045381;0.050231;NumCC;862;2513;16636850176;Intel(R) Core(TM) i5-8350U CPU @ 1.70GHz
0.006582;0.000522;IsBipartite;815;2271;16636850176;Intel(R) Core(TM) i5-8350U CPU @ 1.70GHz
0.009227;0.009908;NumCC;535;987;29308923904;AMD Ryzen 7 5700G with Radeon Graphics
0.006502;0.000752;IsBipartite;777;2026;16636850176;Intel(R) Core(TM) i5-8350U CPU @ 1.70GHz
0.046396;0.055459;NumCC;980;3228;16636850176;Intel(R) Core(TM) i5-8350U CPU @ 1.70GHz
0.011691;0.012574;NumCC;652;1385;29308923904;AMD Ryzen 7 5700G with Radeon Graphics
0.001533;0.000171;IsBipartite;711;1700;29308923904;AMD Ryzen 7 5700G with Radeon Graphics
0.013526;0.014036;NumCC;720;1703;29308923904;AMD Ryzen 7 5700G with Radeon Graphics
0.00387;0.000894;IsBipartite;675;1545;16636850176;Intel(R) Core(TM) i5-8350U CPU @ 1.70GHz
0.002254;0.000151;IsBipartite;819;2259;29308923904;AMD Ryzen 7 5700G with Radeon Graphics
0.020339;0.025327;NumCC;957;3099;29308923904;AMD Ryzen 7 5700G with Radeon Graphics
0.023675;0.033165;NumCC;548;1037;16636850176;Intel(R) Core(TM) i5-8350U CPU @ 1.70GHz
0.005929;0.000651;IsBipartite;780;1976;16636850176;Intel(R) Core(TM) i5-8350U CPU @ 1.70GHz
0.002104;0.00016;IsBipartite;804;2179;29308923904;AMD Ryzen 7 5700G with Radeon Graphics
0.019987;0.020869;NumCC;958;3000;29308923904;AMD Ryzen 7 5700G with Radeon Graphics
0.014557;0.015379;NumCC;768;1901;29308923904;AMD Ryzen 7 5700G with Radeon Graphics
0.043088;0.050555;NumCC;702;1650;16636850176;Intel(R) Core(TM) i5-8350U CPU @ 1.70GHz
0.036934;0.041946;NumCC;808;2151;16636850176;Intel(R) Core(TM) i5-8350U CPU @ 1.70GHz
0.012153;0.000928;IsBipartite;899;2612;16636850176;Intel(R) Core(TM) i5-8350U CPU @ 1.70GHz
0.000922;0.000471;IsBipartite;518;811;29308923904;AMD Ryzen 7 5700G with Radeon Graphics
0.0264;0.029612;NumCC;626;1333;16636850176;Intel(R) Core(TM) i5-8350U CPU @ 1.70GHz
0.030203;0.034758;NumCC;661;1471;16636850176;Intel(R) Core(TM) i5-8350U CPU @ 1.70GHz
0.009004;0.000627;IsBipartite;956;3033;16636850176;Intel(R) Core(TM) i5-8350U CPU @ 1.70GHz
0.022886;0.02652;NumCC;578;1103;16636850176;Intel(R) Core(TM) i5-8350U CPU @ 1.70GHz
0.003563;0.001012;IsBipartite;595;1182;16636850176;Intel(R) Core(TM) i5-8350U CPU @ 1.70GHz
0.001963;0.00107;IsBipartite;632;1335;16636850176;Intel(R) Core(TM) i5-8350U CPU @ 1.70GHz
0.019106;0.020578;NumCC;933;2879;29308923904;AMD Ryzen 7 5700G with Radeon Graphics
0.001912;0.000641;IsBipartite;563;1027;16636850176;Intel(R) Core(TM) i5-8350U CPU @ 1.70GHz
0.006009;0.000434;IsBipartite;842;2353;16636850176;Intel(R) Core(TM) i5-8350U CPU @ 1.70GHz
0.030111;0.028011;NumCC;544;988;16636850176;Intel(R) Core(TM) i5-8350U CPU @ 1.70GHz
0.016;0.01596;NumCC;797;2029;29308923904;AMD Ryzen 7 5700G with Radeon Graphics
0.024857;0.022442;NumCC;714;1726;29308923904;AMD Ryzen 7 5700G with Radeon Graphics
0.021358;0.025105;NumCC;568;1031;16636850176;Intel(R) Core(TM) i5-8350U CPU @ 1.70GHz
0.030309;0.035513;NumCC;721;1746;16636850176;Intel(R) Core(TM) i5-8350U CPU @ 1.70GHz
0.044618;0.051375;NumCC;934;2892;16636850176;Intel(R) Core(TM) i5-8350U CPU @ 1.70GHz
0.029027;0.032991;NumCC;678;1547;16636850176;Intel(R) Core(TM) i5-8350U CPU @ 1.70GHz
0.008356;0.009207;NumCC;508;851;29308923904;AMD Ryzen 7 5700G with Radeon Graphics
0.003877;0.000261;IsBipartite;943;2967;29308923904;AMD Ryzen 7 5700G with Radeon Graphics
0.03854;0.044379;NumCC;842;2422;16636850176;Intel(R) Core(TM) i5-8350U CPU @ 1.70GHz
0.032199;0.037692;NumCC;750;1861;16636850176;Intel(R) Core(TM) i5-8350U CPU @ 1.70GHz
0.020429;0.0215;NumCC;964;3191;29308923904;AMD Ryzen 7 5700G with Radeon Graphics
0.002286;0.000652;IsBipartite;527;888;16636850176;Intel(R) Core(TM) i5-8350U CPU @ 1.70GHz
0.001862;0.00048;IsBipartite;593;1153;16636850176;Intel(R) Core(TM) i5-8350U CPU @ 1.70GHz
0.000692;0.00012;IsBipartite;585;1151;29308923904;AMD Ryzen 7 5700G with Radeon Graphics
0.008697;0.009267;NumCC;525;840;29308923904;AMD Ryzen 7 5700G with Radeon Graphics
0.013345;0.013686;NumCC;699;1667;29308923904;AMD Ryzen 7 5700G with Radeon Graphics
0.001373;0.00049;IsBipartite;614;1284;29308923904;AMD Ryzen 7 5700G with Radeon Graphics
0.003013;0.000635;IsBipartite;648;1379;16636850176;Intel(R) Core(TM) i5-8350U CPU @ 1.70GHz
0.019728;0.022814;NumCC;520;843;16636850176;Intel(R) Core(TM) i5-8350U CPU @ 1.70GHz
0.001623;0.00016;IsBipartite;751;1827;29308923904;AMD Ryzen 7 5700G with Radeon Graphics
0.034184;0.03858;NumCC;756;1962;16636850176;Intel(R) Core(TM) i5-8350U CPU @ 1.70GHz
0.016491;0.016921;NumCC;835;2217;29308923904;AMD Ryzen 7 5700G with Radeon Graphics
0.002418;0.000711;IsBipartite;629;1292;16636850176;Intel(R) Core(TM) i5-8350U CPU @ 1.70GHz
0.054708;0.055035;NumCC;950;2924;16636850176;Intel(R) Core(TM) i5-8350U CPU @ 1.70GHz
0.005404;0.001148;IsBipartite;699;1710;16636850176;Intel(R) Core(TM) i5-8350U CPU @ 1.70GHz
0.004168;0.000864;IsBipartite;680;1586;16636850176;Intel(R) Core(TM) i5-8350U CPU @ 1.70GHz
0.009003;0.000548;IsBipartite;963;2991;16636850176;Intel(R) Core(TM) i5-8350U CPU @ 1.70GHz
0.020135;0.023143;NumCC;524;911;16636850176;Intel(R) Core(TM) i5-8350U CPU @ 1.70GHz
0.000702;0.0002;IsBipartite;515;900;29308923904;AMD Ryzen 7 5700G with Radeon Graphics
0.004369;0.00045;IsBipartite;969;3169;29308923904;AMD Ryzen 7 5700G with Radeon Graphics
0.000772;0.00016;IsBipartite;635;1323;29308923904;AMD Ryzen 7 5700G with Radeon Graphics
0.001653;0.000261;IsBipartite;712;1681;29308923904;AMD Ryzen 7 5700G with Radeon Graphics
0.009374;0.00098;IsBipartite;820;2209;16636850176;Intel(R) Core(TM) i5-8350U CPU @ 1.70GHz
0.016742;0.016952;NumCC;832;2262;29308923904;AMD Ryzen 7 5700G with Radeon Graphics
0.009837;0.000972;IsBipartite;898;2706;16636850176;Intel(R) Core(TM) i5-8350U CPU @ 1.70GHz
0.002356;0.000686;IsBipartite;597;1162;16636850176;Intel(R) Core(TM) i5-8350U CPU @ 1.70GHz
0.024065;0.032028;NumCC;604;1245;16636850176;Intel(R) Core(TM) i5-8350U CPU @ 1.70GHz
0.031967;0.037064;NumCC;748;1810;16636850176;Intel(R) Core(TM) i5-8350U CPU @ 1.70GHz
0.013466;0.013305;NumCC;689;1552;29308923904;AMD Ryzen 7 5700G with Radeon Graphics
0.001653;0.000524;IsBipartite;540;957;16636850176;Intel(R) Core(TM) i5-8350U CPU @ 1.70GHz
0.043921;0.052273;NumCC;949;2937;16636850176;Intel(R) Core(TM) i5-8350U CPU @ 1.70GHz
0.014818;0.015409;NumCC;766;1937;29308923904;AMD Ryzen 7 5700G with Radeon Graphics
0.004908;0.000662;IsBipartite;757;1881;16636850176;Intel(R) Core(TM) i5-8350U CPU @ 1.70GHz
0.001202;0.00032;IsBipartite;647;1419;29308923904;AMD Ryzen 7 5700G with Radeon Graphics
0.000812;0.00018;IsBipartite;607;1273;29308923904;AMD Ryzen 7 5700G with Radeon Graphics
0.03994;0.04577;NumCC;857;2487;16636850176;Intel(R) Core(TM) i5-8350U CPU @ 1.70GHz
0.033858;0.047324;NumCC;781;2110;16636850176;Intel(R) Core(TM) i5-8350U CPU @ 1.70GHz
0.04137;0.046698;NumCC;874;2575;16636850176;Intel(R) Core(TM) i5-8350U CPU @ 1.70GHz
0.003195;0.000908;IsBipartite;598;1222;16636850176;Intel(R) Core(TM) i5-8350U CPU @ 1.70GHz
0.041002;0.048765;NumCC;904;2834;16636850176;Intel(R) Core(TM) i5-8350U CPU @ 1.70GHz
0.002705;0.00033;IsBipartite;831;2312;29308923904;AMD Ryzen 7 5700G with Radeon Graphics
0.039284;0.047631;NumCC;887;2662;16636850176;Intel(R) Core(TM) i5-8350U CPU @ 1.70GHz
0.029607;0.035109;NumCC;711;1709;16636850176;Intel(R) Core(TM) i5-8350U CPU @ 1.70GHz
0.008757;0.000548;IsBipartite;930;2891;16636850176;Intel(R) Core(TM) i5-8350U CPU @ 1.70GHz
0.017012;0.017993;NumCC;857;2446;29308923904;AMD Ryzen 7 5700G with Radeon Graphics
0.00281;0.000619;IsBipartite;612;1234;16636850176;Intel(R) Core(TM) i5-8350U CPU @ 1.70GHz
0.036218;0.040382;NumCC;777;1995;16636850176;Intel(R) Core(TM) i5-8350U CPU @ 1.70GHz
0.007105;0.000898;IsBipartite;869;2502;16636850176;Intel(R) Core(TM) i5-8350U CPU @ 1.70GHz
0.013916;0.014157;NumCC;717;1705;29308923904;AMD Ryzen 7 5700G with Radeon Graphics
0.014487;0.014558;NumCC;752;1803;29308923904;AMD Ryzen 7 5700G with Radeon Graphics
0.013195;0.013836;NumCC;697;1660;29308923904;AMD Ryzen 7 5700G with Radeon Graphics
0.044525;0.051736;NumCC;890;2681;16636850176;Intel(R) Core(TM) i5-8350U CPU @ 1.70GHz
0.001112;0.000301;IsBipartite;619;1263;29308923904;AMD Ryzen 7 5700G with Radeon Graphics
0.006382;0.000953;IsBipartite;843;2242;16636850176;Intel(R) Core(TM) i5-8350U CPU @ 1.70GHz
0.036671;0.043846;NumCC;694;1641;16636850176;Intel(R) Core(TM) i5-8350U CPU @ 1.70GHz
0.047522;0.064316;NumCC;882;2563;16636850176;Intel(R) Core(TM) i5-8350U CPU @ 1.70GHz
0.020614;0.022811;NumCC;523;845;16636850176;Intel(R) Core(TM) i5-8350U CPU @ 1.70GHz
0.015048;0.015629;NumCC;781;2004;29308923904;AMD Ryzen 7 5700G with Radeon Graphics
0.003346;0.000341;IsBipartite;905;2737;29308923904;AMD Ryzen 7 5700G with Radeon Graphics
0.003629;0.001271;IsBipartite;616;1188;16636850176;Intel(R) Core(TM) i5-8350U CPU @ 1.70GHz
0.015119;0.01597;NumCC;794;2058;29308923904;AMD Ryzen 7 5700G with Radeon Graphics
0.001312;0.000341;IsBipartite;613;1212;29308923904;AMD Ryzen 7 5700G with Radeon Graphics
0.015299;0.016;NumCC;795;2014;29308923904;AMD Ryzen 7 5700G with Radeon Graphics
0.001553;0.000491;IsBipartite;625;1310;29308923904;AMD Ryzen 7 5700G with Radeon Graphics
0.001623;0.000481;IsBipartite;646;1399;29308923904;AMD Ryzen 7 5700G with Radeon Graphics
0.011602;0.012473;NumCC;650;1371;29308923904;AMD Ryzen 7 5700G with Radeon Graphics
0.010827;0.000574;IsBipartite;986;3263;16636850176;Intel(R) Core(TM) i5-8350U CPU @ 1.70GHz
0.000732;0.00024;IsBipartite;535;949;29308923904;AMD Ryzen 7 5700G with Radeon Graphics
0.000781;0.000271;IsBipartite;517;878;29308923904;AMD Ryzen 7 5700G with Radeon Graphics
0.020619;0.022011;NumCC;991;3326;29308923904;AMD Ryzen 7 5700G with Radeon Graphics
0.013015;0.013715;NumCC;694;1635;29308923904;AMD Ryzen 7 5700G with Radeon Graphics
0.004296;0.000582;IsBipartite;756;1903;16636850176;Intel(R) Core(TM) i5-8350U CPU @ 1.70GHz
0.005002;0.000734;IsBipartite;774;1979;16636850176;Intel(R) Core(TM) i5-8350U CPU @ 1.70GHz
0.013846;0.014197;NumCC;720;1754;29308923904;AMD Ryzen 7 5700G with Radeon Graphics
0.004129;0.000808;IsBipartite;635;1360;16636850176;Intel(R) Core(TM) i5-8350U CPU @ 1.70GHz
0.00535;0.00123;IsBipartite;669;1436;16636850176;Intel(R) Core(TM) i5-8350U CPU @ 1.70GHz
0.020258;0.02128;NumCC;960;3075;29308923904;AMD Ryzen 7 5700G with Radeon Graphics
0.025118;0.028901;NumCC;613;1247;16636850176;Intel(R) Core(TM) i5-8350U CPU @ 1.70GHz
0.041245;0.04837;NumCC;874;2606;16636850176;Intel(R) Core(TM) i5-8350U CPU @ 1.70GHz
0.001142;0.000521;IsBipartite;593;1159;29308923904;AMD Ryzen 7 5700G with Radeon Graphics
0.018727;0.021439;NumCC;502;836;16636850176;Intel(R) Core(TM) i5-8350U CPU @ 1.70GHz
0.001262;0.00026;IsBipartite;697;1615;29308923904;AMD Ryzen 7 5700G with Radeon Graphics
0.035831;0.041519;NumCC;812;2187;16636850176;Intel(R) Core(TM) i5-8350U CPU @ 1.70GHz
0.004953;0.000591;IsBipartite;833;2160;16636850176;Intel(R) Core(TM) i5-8350U CPU @ 1.70GHz
0.004976;0.001447;IsBipartite;658;1505;16636850176;Intel(R) Core(TM) i5-8350U CPU @ 1.70GHz
0.039603;0.041905;NumCC;816;2172;16636850176;Intel(R) Core(TM) i5-8350U CPU @ 1.70GHz
0.014478;0.001719;IsBipartite;881;2557;16636850176;Intel(R) Core(TM) i5-8350U CPU @ 1.70GHz
0.001172;0.000261;IsBipartite;666;1432;29308923904;AMD Ryzen 7 5700G with Radeon Graphics
0.041706;0.048213;NumCC;894;2680;16636850176;Intel(R) Core(TM) i5-8350U CPU @ 1.70GHz
0.000741;0.000321;IsBipartite;572;1081;29308923904;AMD Ryzen 7 5700G with Radeon Graphics
0.002284;0.000461;IsBipartite;793;1989;29308923904;AMD Ryzen 7 5700G with Radeon Graphics
0.007358;0.000602;IsBipartite;899;2639;16636850176;Intel(R) Core(TM) i5-8350U CPU @ 1.70GHz
0.000661;0.00014;IsBipartite;591;1177;29308923904;AMD Ryzen 7 5700G with Radeon Graphics
0.004543;0.000909;IsBipartite;727;1770;16636850176;Intel(R) Core(TM) i5-8350U CPU @ 1.70GHz
0.001092;0.0002;IsBipartite;645;1475;29308923904;AMD Ryzen 7 5700G with Radeon Graphics
0.033037;0.038992;NumCC;766;2033;16636850176;Intel(R) Core(TM) i5-8350U CPU @ 1.70GHz
0.016521;0.017273;NumCC;814;2322;29308923904;AMD Ryzen 7 5700G with Radeon Graphics
0.001633;0.00021;IsBipartite;724;1744;29308923904;AMD Ryzen 7 5700G with Radeon Graphics
0.019206;0.02179;NumCC;504;845;16636850176;Intel(R) Core(TM) i5-8350U CPU @ 1.70GHz
0.007412;0.000417;IsBipartite;920;2768;16636850176;Intel(R) Core(TM) i5-8350U CPU @ 1.70GHz
0.005795;0.000634;IsBipartite;795;2140;16636850176;Intel(R) Core(TM) i5-8350U CPU @ 1.70GHz
0.035417;0.039162;NumCC;766;1924;16636850176;Intel(R) Core(TM) i5-8350U CPU @ 1.70GHz
0.016902;0.017403;NumCC;828;2270;29308923904;AMD Ryzen 7 5700G with Radeon Graphics
0.016861;0.017082;NumCC;836;2283;29308923904;AMD Ryzen 7 5700G with Radeon Graphics
0.001242;0.000391;IsBipartite;629;1335;29308923904;AMD Ryzen 7 5700G with Radeon Graphics
0.008564;0.000825;IsBipartite;921;2761;16636850176;Intel(R) Core(TM) i5-8350U CPU @ 1.70GHz
0.033069;0.039026;NumCC;774;1968;16636850176;Intel(R) Core(TM) i5-8350U CPU @ 1.70GHz
0.011453;0.000791;IsBipartite;893;2664;16636850176;Intel(R) Core(TM) i5-8350U CPU @ 1.70GHz
0.007589;0.000928;IsBipartite;868;2561;16636850176;Intel(R) Core(TM) i5-8350U CPU @ 1.70GHz
0.029145;0.032116;NumCC;671;1494;16636850176;Intel(R) Core(TM) i5-8350U CPU @ 1.70GHz
0.003517;0.0002;IsBipartite;927;2891;29308923904;AMD Ryzen 7 5700G with Radeon Graphics
0.002469;0.000978;IsBipartite;506;849;16636850176;Intel(R) Core(TM) i5-8350U CPU @ 1.70GHz
0.006393;0.00082;IsBipartite;844;2261;16636850176;Intel(R) Core(TM) i5-8350U CPU @ 1.70GHz
0.04038;0.047418;NumCC;876;2514;16636850176;Intel(R) Core(TM) i5-8350U CPU @ 1.70GHz
0.009585;0.001211;IsBipartite;896;2670;16636850176;Intel(R) Core(TM) i5-8350U CPU @ 1.70GHz
0.031003;0.035789;NumCC;725;1749;16636850176;Intel(R) Core(TM) i5-8350U CPU @ 1.70GHz
0.003377;0.00013;IsBipartite;955;2995;29308923904;AMD Ryzen 7 5700G with Radeon Graphics
0.023878;0.037334;NumCC;595;1192;16636850176;Intel(R) Core(TM) i5-8350U CPU @ 1.70GHz
0.011401;0.012374;NumCC;626;1349;29308923904;AMD Ryzen 7 5700G with Radeon Graphics
0.001523;0.000471;IsBipartite;659;1438;29308923904;AMD Ryzen 7 5700G with Radeon Graphics
0.00244;0.001069;IsBipartite;506;822;16636850176;Intel(R) Core(TM) i5-8350U CPU @ 1.70GHz
0.003021;0.000406;IsBipartite;716;1676;16636850176;Intel(R) Core(TM) i5-8350U CPU @ 1.70GHz
0.001603;0.000271;IsBipartite;714;1657;29308923904;AMD Ryzen 7 5700G with Radeon Graphics
0.047026;0.053898;NumCC;961;3074;16636850176;Intel(R) Core(TM) i5-8350U CPU @ 1.70GHz
0.046309;0.050449;NumCC;911;2729;16636850176;Intel(R) Core(TM) i5-8350U CPU @ 1.70GHz
0.008947;0.009718;NumCC;528;884;29308923904;AMD Ryzen 7 5700G with Radeon Graphics
0.040999;0.048132;NumCC;888;2623;16636850176;Intel(R) Core(TM) i5-8350U CPU @ 1.70GHz
0.008464;0.001688;IsBipartite;726;1688;16636850176;Intel(R) Core(TM) i5-8350U CPU @ 1.70GHz
0.007416;0.000564;IsBipartite;859;2554;16636850176;Intel(R) Core(TM) i5-8350U CPU @ 1.70GHz
0.001694;0.00024;IsBipartite;739;1825;29308923904;AMD Ryzen 7 5700G with Radeon Graphics
0.01623;0.016641;NumCC;812;2197;29308923904;AMD Ryzen 7 5700G with Radeon Graphics
0.019527;0.020578;NumCC;927;2874;29308923904;AMD Ryzen 7 5700G with Radeon Graphics
0.004316;0.00121;IsBipartite;641;1408;16636850176;Intel(R) Core(TM) i5-8350U CPU @ 1.70GHz
0.002235;0.000547;IsBipartite;573;1157;16636850176;Intel(R) Core(TM) i5-8350U CPU @ 1.70GHz
0.003697;0.000221;IsBipartite;949;3007;29308923904;AMD Ryzen 7 5700G with Radeon Graphics
0.028114;0.033218;NumCC;682;1562;16636850176;Intel(R) Core(TM) i5-8350U CPU @ 1.70GHz
0.012414;0.013134;NumCC;680;1512;29308923904;AMD Ryzen 7 5700G with Radeon Graphics
0.001603;0.00019;IsBipartite;708;1658;29308923904;AMD Ryzen 7 5700G with Radeon Graphics
0.031217;0.034805;NumCC;709;1678;16636850176;Intel(R) Core(TM) i5-8350U CPU @ 1.70GHz
0.002735;0.000421;IsBipartite;819;2221;29308923904;AMD Ryzen 7 5700G with Radeon Graphics
0.010891;0.011441;NumCC;609;1252;29308923904;AMD Ryzen 7 5700G with Radeon Graphics
0.013736;0.014016;NumCC;719;1759;29308923904;AMD Ryzen 7 5700G with Radeon Graphics
0.0107;0.011051;NumCC;587;1205;29308923904;AMD Ryzen 7 5700G with Radeon Graphics
0.001072;0.000411;IsBipartite;574;1114;29308923904;AMD Ryzen 7 5700G with Radeon Graphics
0.014457;0.014447;NumCC;730;1801;29308923904;AMD Ryzen 7 5700G with Radeon Graphics
0.014848;0.01615;NumCC;781;1998;29308923904;AMD Ryzen 7 5700G with Radeon Graphics
0.024689;0.028925;NumCC;620;1302;16636850176;Intel(R) Core(TM) i5-8350U CPU @ 1.70GHz
0.007581;0.000688;IsBipartite;825;2297;16636850176;Intel(R) Core(TM) i5-8350U CPU @ 1.70GHz
0.04329;0.046683;NumCC;719;1741;16636850176;Intel(R) Core(TM) i5-8350U CPU @ 1.70GHz
0.002124;0.00021;IsBipartite;808;2185;29308923904;AMD Ryzen 7 5700G with Radeon Graphics
0.001714;0.00016;IsBipartite;763;1911;29308923904;AMD Ryzen 7 5700G with Radeon Graphics
0.004861;0.000547;IsBipartite;794;2082;16636850176;Intel(R) Core(TM) i5-8350U CPU @ 1.70GHz
0.025144;0.026572;NumCC;584;1089;16636850176;Intel(R) Core(TM) i5-8350U CPU @ 1.70GHz
0.003296;0.000191;IsBipartite;907;2826;29308923904;AMD Ryzen 7 5700G with Radeon Graphics
0.009377;0.010069;NumCC;540;1001;29308923904;AMD Ryzen 7 5700G with Radeon Graphics
0.018114;0.018114;NumCC;884;2576;29308923904;AMD Ryzen 7 5700G with Radeon Graphics
0.010199;0.010971;NumCC;588;1092;29308923904;AMD Ryzen 7 5700G with Radeon Graphics
0.001433;0.000261;IsBipartite;688;1574;29308923904;AMD Ryzen 7 5700G with Radeon Graphics
0.01608;0.016792;NumCC;800;2127;29308923904;AMD Ryzen 7 5700G with Radeon Graphics
0.039032;0.046533;NumCC;884;2550;16636850176;Intel(R) Core(TM) i5-8350U CPU @ 1.70GHz
0.021016;0.023544;NumCC;537;974;16636850176;Intel(R) Core(TM) i5-8350U CPU @ 1.70GHz
0.009307;0.009538;NumCC;542;1005;29308923904;AMD Ryzen 7 5700G with Radeon Graphics
0.002705;0.000371;IsBipartite;801;2152;29308923904;AMD Ryzen 7 5700G with Radeon Graphics
0.000862;0.0002;IsBipartite;621;1270;29308923904;AMD Ryzen 7 5700G with Radeon Graphics
0.019354;0.022047;NumCC;511;848;16636850176;Intel(R) Core(TM) i5-8350U CPU @ 1.70GHz
0.019224;0.022085;NumCC;506;833;16636850176;Intel(R) Core(TM) i5-8350U CPU @ 1.70GHz
0.036703;0.043693;NumCC;843;2311;16636850176;Intel(R) Core(TM) i5-8350U CPU @ 1.70GHz
0.005566;0.00071;IsBipartite;791;2072;16636850176;Intel(R) Core(TM) i5-8350U CPU @ 1.70GHz
0.011542;0.011752;NumCC;625;1294;29308923904;AMD Ryzen 7 5700G with Radeon Graphics
0.003046;0.000311;IsBipartite;903;2646;29308923904;AMD Ryzen 7 5700G with Radeon Graphics
0.04348;0.051609;NumCC;929;2939;16636850176;Intel(R) Core(TM) i5-8350U CPU @ 1.70GHz
0.010664;0.00071;IsBipartite;998;3386;16636850176;Intel(R) Core(TM) i5-8350U CPU @ 1.70GHz
0.003476;0.000261;IsBipartite;929;2945;29308923904;AMD Ryzen 7 5700G with Radeon Graphics
0.001282;0.000151;IsBipartite;723;1715;29308923904;AMD Ryzen 7 5700G with Radeon Graphics
0.013745;0.014447;NumCC;716;1692;29308923904;AMD Ryzen 7 5700G with Radeon Graphics
0.001423;0.00041;IsBipartite;610;1252;29308923904;AMD Ryzen 7 5700G with Radeon Graphics
0.006519;0.000725;IsBipartite;755;1857;16636850176;Intel(R) Core(TM) i5-8350U CPU @ 1.70GHz
0.002104;0.000331;IsBipartite;732;1804;29308923904;AMD Ryzen 7 5700G with Radeon Graphics
0.003377;0.000401;IsBipartite;906;2697;29308923904;AMD Ryzen 7 5700G with Radeon Graphics
0.013356;0.013836;NumCC;701;1682;29308923904;AMD Ryzen 7 5700G with Radeon Graphics
0.029989;0.034779;NumCC;712;1665;16636850176;Intel(R) Core(TM) i5-8350U CPU @ 1.70GHz
0.002942;0.000721;IsBipartite;658;1401;16636850176;Intel(R) Core(TM) i5-8350U CPU @ 1.70GHz
0.003767;0.000291;IsBipartite;944;3045;29308923904;AMD Ryzen 7 5700G with Radeon Graphics
0.001503;0.0003;IsBipartite;666;1471;29308923904;AMD Ryzen 7 5700G with Radeon Graphics
0.022094;0.024946;NumCC;552;1076;16636850176;Intel(R) Core(TM) i5-8350U CPU @ 1.70GHz
0.010192;0.001213;IsBipartite;964;3086;16636850176;Intel(R) Core(TM) i5-8350U CPU @ 1.70GHz
0.003724;0.000713;IsBipartite;712;1714;16636850176;Intel(R) Core(TM) i5-8350U CPU @ 1.70GHz
0.010535;0.000945;IsBipartite;992;3204;16636850176;Intel(R) Core(TM) i5-8350U CPU @ 1.70GHz
0.017353;0.018945;NumCC;884;2594;29308923904;AMD Ryzen 7 5700G with Radeon Graphics
0.013535;0.013997;NumCC;727;1711;29308923904;AMD Ryzen 7 5700G with Radeon Graphics
0.004148;0.00033;IsBipartite;965;3090;29308923904;AMD Ryzen 7 5700G with Radeon Graphics
0.013245;0.014076;NumCC;703;1653;29308923904;AMD Ryzen 7 5700G with Radeon Graphics
0.003367;0.0003;IsBipartite;879;2630;29308923904;AMD Ryzen 7 5700G with Radeon Graphics
0.001643;0.000481;IsBipartite;645;1421;29308923904;AMD Ryzen 7 5700G with Radeon Graphics
0.012053;0.012474;NumCC;654;1433;29308923904;AMD Ryzen 7 5700G with Radeon Graphics
0.0109;0.011432;NumCC;622;1286;29308923904;AMD Ryzen 7 5700G with Radeon Graphics
0.002404;0.000271;IsBipartite;809;2180;29308923904;AMD Ryzen 7 5700G with Radeon Graphics
0.040134;0.048054;NumCC;884;2656;16636850176;Intel(R) Core(TM) i5-8350U CPU @ 1.70GHz
0.01092;0.011672;NumCC;616;1240;29308923904;AMD Ryzen 7 5700G with Radeon Graphics
0.001433;0.000411;IsBipartite;651;1440;29308923904;AMD Ryzen 7 5700G with Radeon Graphics
0.005296;0.00051;IsBipartite;775;2069;16636850176;Intel(R) Core(TM) i5-8350U CPU @ 1.70GHz
0.000581;0.00019;IsBipartite;568;1070;29308923904;AMD Ryzen 7 5700G with Radeon Graphics
0.002525;0.00017;IsBipartite;835;2349;29308923904;AMD Ryzen 7 5700G with Radeon Graphics
0.007825;0.001231;IsBipartite;820;2225;16636850176;Intel(R) Core(TM) i5-8350U CPU @ 1.70GHz
0.00527;0.001104;IsBipartite;707;1686;16636850176;Intel(R) Core(TM) i5-8350U CPU @ 1.70GHz
0.007459;0.000709;IsBipartite;882;2572;16636850176;Intel(R) Core(TM) i5-8350U CPU @ 1.70GHz
0.019467;0.019556;NumCC;934;2926;29308923904;AMD Ryzen 7 5700G with Radeon Graphics
0.001714;0.000745;IsBipartite;510;831;16636850176;Intel(R) Core(TM) i5-8350U CPU @ 1.70GHz
0.006676;0.000884;IsBipartite;808;2201;16636850176;Intel(R) Core(TM) i5-8350U CPU @ 1.70GHz
0.016461;0.016571;NumCC;817;2206;29308923904;AMD Ryzen 7 5700G with Radeon Graphics
0.01609;0.016221;NumCC;811;2168;29308923904;AMD Ryzen 7 5700G with Radeon Graphics
0.021968;0.025011;NumCC;555;1040;16636850176;Intel(R) Core(TM) i5-8350U CPU @ 1.70GHz
0.032215;0.028146;NumCC;612;1158;16636850176;Intel(R) Core(TM) i5-8350U CPU @ 1.70GHz
0.034781;0.039835;NumCC;781;1968;16636850176;Intel(R) Core(TM) i5-8350U CPU @ 1.70GHz
0.002184;0.00027;IsBipartite;807;2110;29308923904;AMD Ryzen 7 5700G with Radeon Graphics
0.000491;0.000201;IsBipartite;510;835;29308923904;AMD Ryzen 7 5700G with Radeon Graphics
0.046071;0.05435;NumCC;973;3182;16636850176;Intel(R) Core(TM) i5-8350U CPU @ 1.70GHz
0.003203;0.000734;IsBipartite;691;1544;16636850176;Intel(R) Core(TM) i5-8350U CPU @ 1.70GHz
0.047455;0.046476;NumCC;864;2528;16636850176;Intel(R) Core(TM) i5-8350U CPU @ 1.70GHz
0.002004;0.00012;IsBipartite;785;2130;29308923904;AMD Ryzen 7 5700G with Radeon Graphics
0.005827;0.000456;IsBipartite;820;2242;16636850176;Intel(R) Core(TM) i5-8350U CPU @ 1.70GHz
0.006147;0.000782;IsBipartite;802;2141;16636850176;Intel(R) Core(TM) i5-8350U CPU @ 1.70GHz
0.004202;0.000903;IsBipartite;680;1499;16636850176;Intel(R) Core(TM) i5-8350U CPU @ 1.70GHz
0.002448;0.000743;IsBipartite;605;1149;16636850176;Intel(R) Core(TM) i5-8350U CPU @ 1.70GHz
0.001422;0.000261;IsBipartite;708;1623;29308923904;AMD Ryzen 7 5700G with Radeon Graphics
0.001002;0.000381;IsBipartite;512;847;29308923904;AMD Ryzen 7 5700G with Radeon Graphics
0.000982;0.00032;IsBipartite;605;1217;29308923904;AMD Ryzen 7 5700G with Radeon Graphics
0.000772;0.00011;IsBipartite;595;1216;29308923904;AMD Ryzen 7 5700G with Radeon Graphics
0.025649;0.02962;NumCC;619;1304;16636850176;Intel(R) Core(TM) i5-8350U CPU @ 1.70GHz
0.01609;0.017473;NumCC;802;2152;29308923904;AMD Ryzen 7 5700G with Radeon Graphics
0.001926;0.000404;IsBipartite;589;1199;16636850176;Intel(R) Core(TM) i5-8350U CPU @ 1.70GHz
0.012504;0.012824;NumCC;680;1481;29308923904;AMD Ryzen 7 5700G with Radeon Graphics
0.011492;0.011882;NumCC;631;1278;29308923904;AMD Ryzen 7 5700G with Radeon Graphics
0.036063;0.041768;NumCC;811;2134;16636850176;Intel(R) Core(TM) i5-8350U CPU @ 1.70GHz
0.005159;0.000687;IsBipartite;687;1567;16636850176;Intel(R) Core(TM) i5-8350U CPU @ 1.70GHz
0.002318;0.000767;IsBipartite;625;1277;16636850176;Intel(R) Core(TM) i5-8350U CPU @ 1.70GHz
0.029402;0.034139;NumCC;687;1625;16636850176;Intel(R) Core(TM) i5-8350U CPU @ 1.70GHz
0.029181;0.033369;NumCC;688;1579;16636850176;Intel(R) Core(TM) i5-8350U CPU @ 1.70GHz
0.021139;0.022332;NumCC;999;3280;29308923904;AMD Ryzen 7 5700G with Radeon Graphics
0.001123;0.00045;IsBipartite;564;1029;29308923904;AMD Ryzen 7 5700G with Radeon Graphics
0.014557;0.015439;NumCC;762;1876;29308923904;AMD Ryzen 7 5700G with Radeon Graphics
0.018745;0.020007;NumCC;909;2738;29308923904;AMD Ryzen 7 5700G with Radeon Graphics
0.001893;0.000231;IsBipartite;758;1879;29308923904;AMD Ryzen 7 5700G with Radeon Graphics
0.008798;0.000686;IsBipartite;918;2769;16636850176;Intel(R) Core(TM) i5-8350U CPU @ 1.70GHz
0.002184;0.000311;IsBipartite;772;1987;29308923904;AMD Ryzen 7 5700G with Radeon Graphics
0.001092;0.0002;IsBipartite;624;1356;29308923904;AMD Ryzen 7 5700G with Radeon Graphics
0.018776;0.019406;NumCC;928;2777;29308923904;AMD Ryzen 7 5700G with Radeon Graphics
0.026092;0.034087;NumCC;567;1088;16636850176;Intel(R) Core(TM) i5-8350U CPU @ 1.70GHz
0.004183;0.000737;IsBipartite;697;1599;16636850176;Intel(R) Core(TM) i5-8350U CPU @ 1.70GHz
0.037067;0.036516;NumCC;694;1540;16636850176;Intel(R) Core(TM) i5-8350U CPU @ 1.70GHz
0.000742;0.00027;IsBipartite;526;920;29308923904;AMD Ryzen 7 5700G with Radeon Graphics
0.002565;0.000131;IsBipartite;855;2379;29308923904;AMD Ryzen 7 5700G with Radeon Graphics
0.002615;0.00014;IsBipartite;889;2598;29308923904;AMD Ryzen 7 5700G with Radeon Graphics
0.003136;0.00023;IsBipartite;881;2630;29308923904;AMD Ryzen 7 5700G with Radeon Graphics
0.008273;0.001424;IsBipartite;876;2558;16636850176;Intel(R) Core(TM) i5-8350U CPU @ 1.70GHz
0.002756;0.00018;IsBipartite;891;2676;29308923904;AMD Ryzen 7 5700G with Radeon Graphics
0.00601;0.001375;IsBipartite;717;1638;16636850176;Intel(R) Core(TM) i5-8350U CPU @ 1.70GHz
0.015308;0.01594;NumCC;781;1970;29308923904;AMD Ryzen 7 5700G with Radeon Graphics
0.008566;0.009237;NumCC;509;885;29308923904;AMD Ryzen 7 5700G with Radeon Graphics
0.001442;0.000281;IsBipartite;618;1250;29308923904;AMD Ryzen 7 5700G with Radeon Graphics
0.004761;0.00059;IsBipartite;759;1960;16636850176;Intel(R) Core(TM) i5-8350U CPU @ 1.70GHz
0.003567;0.00032;IsBipartite;869;2580;29308923904;AMD Ryzen 7 5700G with Radeon Graphics
0.04681;0.055751;NumCC;986;3237;16636850176;Intel(R) Core(TM) i5-8350U CPU @ 1.70GHz
0.004258;0.000481;IsBipartite;661;1500;16636850176;Intel(R) Core(TM) i5-8350U CPU @ 1.70GHz
0.010252;0.000886;IsBipartite;993;3244;16636850176;Intel(R) Core(TM) i5-8350U CPU @ 1.70GHz
0.008671;0.000518;IsBipartite;952;3087;16636850176;Intel(R) Core(TM) i5-8350U CPU @ 1.70GHz
0.003025;0.000715;IsBipartite;637;1326;16636850176;Intel(R) Core(TM) i5-8350U CPU @ 1.70GHz
0.001683;0.00034;IsBipartite;724;1709;29308923904;AMD Ryzen 7 5700G with Radeon Graphics
0.002907;0.00099;IsBipartite;577;1128;16636850176;Intel(R) Core(TM) i5-8350U CPU @ 1.70GHz
0.02179;0.029541;NumCC;565;1042;16636850176;Intel(R) Core(TM) i5-8350U CPU @ 1.70GHz
0.046499;0.053824;NumCC;956;3133;16636850176;Intel(R) Core(TM) i5-8350U CPU @ 1.70GHz
0.013024;0.013786;NumCC;683;1548;29308923904;AMD Ryzen 7 5700G with Radeon Graphics
0.002626;0.000524;IsBipartite;621;1302;16636850176;Intel(R) Core(TM) i5-8350U CPU @ 1.70GHz
0.000762;0.0002;IsBipartite;584;1161;29308923904;AMD Ryzen 7 5700G with Radeon Graphics
0.044903;0.054338;NumCC;957;3185;16636850176;Intel(R) Core(TM) i5-8350U CPU @ 1.70GHz
0.001282;0.000311;IsBipartite;650;1392;29308923904;AMD Ryzen 7 5700G with Radeon Graphics
0.005684;0.000466;IsBipartite;814;2266;16636850176;Intel(R) Core(TM) i5-8350U CPU @ 1.70GHz
0.000962;0.00016;IsBipartite;663;1470;29308923904;AMD Ryzen 7 5700G with Radeon Graphics
0.00459;0.000821;IsBipartite;728;1794;16636850176;Intel(R) Core(TM) i5-8350U CPU @ 1.70GHz
0.030485;0.02817;NumCC;555;1019;16636850176;Intel(R) Core(TM) i5-8350U CPU @ 1.70GHz
0.011922;0.012082;NumCC;643;1384;29308923904;AMD Ryzen 7 5700G with Radeon Graphics
0.000441;0.00016;IsBipartite;519;917;29308923904;AMD Ryzen 7 5700G with Radeon Graphics
0.016671;0.017273;NumCC;821;2297;29308923904;AMD Ryzen 7 5700G with Radeon Graphics
0.047467;0.063064;NumCC;941;3071;16636850176;Intel(R) Core(TM) i5-8350U CPU @ 1.70GHz
0.006633;0.000515;IsBipartite;856;2444;16636850176;Intel(R) Core(TM) i5-8350U CPU @ 1.70GHz
0.039711;0.038356;NumCC;711;1622;16636850176;Intel(R) Core(TM) i5-8350U CPU @ 1.70GHz
0.043074;0.050962;NumCC;939;2868;16636850176;Intel(R) Core(TM) i5-8350U CPU @ 1.70GHz
0.021592;0.025206;NumCC;558;977;16636850176;Intel(R) Core(TM) i5-8350U CPU @ 1.70GHz
0.057905;0.0534;NumCC;958;3026;16636850176;Intel(R) Core(TM) i5-8350U CPU @ 1.70GHz
0.010089;0.0105;NumCC;568;1118;29308923904;AMD Ryzen 7 5700G with Radeon Graphics
0.028527;0.031339;NumCC;652;1449;16636850176;Intel(R) Core(TM) i5-8350U CPU @ 1.70GHz
0.044495;0.054179;NumCC;968;3113;16636850176;Intel(R) Core(TM) i5-8350U CPU @ 1.70GHz
0.007266;0.00055;IsBipartite;868;2502;16636850176;Intel(R) Core(TM) i5-8350U CPU @ 1.70GHz
0.017192;0.017683;NumCC;855;2488;29308923904;AMD Ryzen 7 5700G with Radeon Graphics
0.014447;0.015168;NumCC;748;1915;29308923904;AMD Ryzen 7 5700G with Radeon Graphics
0.00222;0.000632;IsBipartite;559;1010;16636850176;Intel(R) Core(TM) i5-8350U CPU @ 1.70GHz
0.004368;0.000391;IsBipartite;978;3162;29308923904;AMD Ryzen 7 5700G with Radeon Graphics
0.038439;0.045381;NumCC;852;2537;16636850176;Intel(R) Core(TM) i5-8350U CPU @ 1.70GHz
0.002775;0.00021;IsBipartite;876;2543;29308923904;AMD Ryzen 7 5700G with Radeon Graphics
0.017252;0.017533;NumCC;838;2349;29308923904;AMD Ryzen 7 5700G with Radeon Graphics
0.00517;0.000817;IsBipartite;744;1861;16636850176;Intel(R) Core(TM) i5-8350U CPU @ 1.70GHz
0.003957;0.000521;IsBipartite;947;2970;29308923904;AMD Ryzen 7 5700G with Radeon Graphics
0.012854;0.012994;NumCC;685;1554;29308923904;AMD Ryzen 7 5700G with Radeon Graphics
0.017493;0.018013;NumCC;863;2524;29308923904;AMD Ryzen 7 5700G with Radeon Graphics
0.002005;0.00074;IsBipartite;501;870;16636850176;Intel(R) Core(TM) i5-8350U CPU @ 1.70GHz
0.032297;0.037218;NumCC;740;1865;16636850176;Intel(R) Core(TM) i5-8350U CPU @ 1.70GHz
0.00235;0.000816;IsBipartite;616;1242;16636850176;Intel(R) Core(TM) i5-8350U CPU @ 1.70GHz
0.008637;0.000938;IsBipartite;935;2921;16636850176;Intel(R) Core(TM) i5-8350U CPU @ 1.70GHz
0.001202;0.000261;IsBipartite;650;1427;29308923904;AMD Ryzen 7 5700G with Radeon Graphics
0.009268;0.001156;IsBipartite;866;2459;16636850176;Intel(R) Core(TM) i5-8350U CPU @ 1.70GHz
0.002554;0.000261;IsBipartite;800;2112;29308923904;AMD Ryzen 7 5700G with Radeon Graphics
0.001182;0.000271;IsBipartite;648;1422;29308923904;AMD Ryzen 7 5700G with Radeon Graphics
0.009327;0.010109;NumCC;555;972;29308923904;AMD Ryzen 7 5700G with Radeon Graphics
0.003066;0.00033;IsBipartite;849;2448;29308923904;AMD Ryzen 7 5700G with Radeon Graphics
0.003086;0.000461;IsBipartite;819;2282;29308923904;AMD Ryzen 7 5700G with Radeon Graphics
0.010732;0.001158;IsBipartite;977;3161;16636850176;Intel(R) Core(TM) i5-8350U CPU @ 1.70GHz
0.002267;0.000559;IsBipartite;592;1189;16636850176;Intel(R) Core(TM) i5-8350U CPU @ 1.70GHz
0.024973;0.029009;NumCC;611;1249;16636850176;Intel(R) Core(TM) i5-8350U CPU @ 1.70GHz
0.004823;0.000838;IsBipartite;724;1765;16636850176;Intel(R) Core(TM) i5-8350U CPU @ 1.70GHz
0.016441;0.017372;NumCC;822;2249;29308923904;AMD Ryzen 7 5700G with Radeon Graphics
0.002685;0.0002;IsBipartite;847;2355;29308923904;AMD Ryzen 7 5700G with Radeon Graphics
0.002141;0.000796;IsBipartite;504;853;16636850176;Intel(R) Core(TM) i5-8350U CPU @ 1.70GHz
0.009578;0.010119;NumCC;546;1012;29308923904;AMD Ryzen 7 5700G with Radeon Graphics
0.009172;0.000616;IsBipartite;976;3155;16636850176;Intel(R) Core(TM) i5-8350U CPU @ 1.70GHz
0.052587;0.033317;NumCC;547;965;16636850176;Intel(R) Core(TM) i5-8350U CPU @ 1.70GHz
0.000701;0.00028;IsBipartite;518;890;29308923904;AMD Ryzen 7 5700G with Radeon Graphics
0.007295;0.000733;IsBipartite;879;2614;16636850176;Intel(R) Core(TM) i5-8350U CPU @ 1.70GHz
0.002244;0.00031;IsBipartite;755;1955;29308923904;AMD Ryzen 7 5700G with Radeon Graphics
0.020679;0.021801;NumCC;989;3107;29308923904;AMD Ryzen 7 5700G with Radeon Graphics
0.038343;0.042879;NumCC;678;1551;16636850176;Intel(R) Core(TM) i5-8350U CPU @ 1.70GHz
0.001042;0.000421;IsBipartite;511;820;29308923904;AMD Ryzen 7 5700G with Radeon Graphics
0.013795;0.014267;NumCC;738;1770;29308923904;AMD Ryzen 7 5700G with Radeon Graphics
0.019532;0.021817;NumCC;511;839;16636850176;Intel(R) Core(TM) i5-8350U CPU @ 1.70GHz
0.03376;0.033707;NumCC;699;1630;16636850176;Intel(R) Core(TM) i5-8350U CPU @ 1.70GHz
0.037496;0.041753;NumCC;803;2133;16636850176;Intel(R) Core(TM) i5-8350U CPU @ 1.70GHz
0.000862;0.00015;IsBipartite;628;1319;29308923904;AMD Ryzen 7 5700G with Radeon Graphics
0.0305;0.035147;NumCC;697;1688;16636850176;Intel(R) Core(TM) i5-8350U CPU @ 1.70GHz
0.001363;0.00022;IsBipartite;681;1583;29308923904;AMD Ryzen 7 5700G with Radeon Graphics
0.030961;0.046296;NumCC;674;1532;16636850176;Intel(R) Core(TM) i5-8350U CPU @ 1.70GHz
0.00455;0.000601;IsBipartite;679;1524;16636850176;Intel(R) Core(TM) i5-8350U CPU @ 1.70GHz
0.002003;0.000477;IsBipartite;597;1138;16636850176;Intel(R) Core(TM) i5-8350U CPU @ 1.70GHz
0.008523;0.000758;IsBipartite;795;2107;16636850176;Intel(R) Core(TM) i5-8350U CPU @ 1.70GHz
0.011231;0.011582;NumCC;627;1267;29308923904;AMD Ryzen 7 5700G with Radeon Graphics
0.001988;0.000724;IsBipartite;518;925;16636850176;Intel(R) Core(TM) i5-8350U CPU @ 1.70GHz
0.020661;0.023836;NumCC;538;929;16636850176;Intel(R) Core(TM) i5-8350U CPU @ 1.70GHz
0.044709;0.054138;NumCC;966;3105;16636850176;Intel(R) Core(TM) i5-8350U CPU @ 1.70GHz
0.000932;0.0002;IsBipartite;688;1482;29308923904;AMD Ryzen 7 5700G with Radeon Graphics
0.018816;0.019597;NumCC;906;2675;29308923904;AMD Ryzen 7 5700G with Radeon Graphics
0.008967;0.009578;NumCC;530;926;29308923904;AMD Ryzen 7 5700G with Radeon Graphics
0.013676;0.014567;NumCC;730;1731;29308923904;AMD Ryzen 7 5700G with Radeon Graphics
0.038513;0.049243;NumCC;857;2464;16636850176;Intel(R) Core(TM) i5-8350U CPU @ 1.70GHz
0.011298;0.000951;IsBipartite;965;3022;16636850176;Intel(R) Core(TM) i5-8350U CPU @ 1.70GHz
0.001052;0.00036;IsBipartite;556;1049;29308923904;AMD Ryzen 7 5700G with Radeon Graphics
0.003994;0.001211;IsBipartite;569;1065;16636850176;Intel(R) Core(TM) i5-8350U CPU @ 1.70GHz
0.008546;0.009418;NumCC;520;896;29308923904;AMD Ryzen 7 5700G with Radeon Graphics
0.001984;0.000501;IsBipartite;708;1659;29308923904;AMD Ryzen 7 5700G with Radeon Graphics
0.008806;0.009318;NumCC;516;906;29308923904;AMD Ryzen 7 5700G with Radeon Graphics
0.012102;0.012564;NumCC;652;1346;29308923904;AMD Ryzen 7 5700G with Radeon Graphics
0.045981;0.053502;NumCC;962;3113;16636850176;Intel(R) Core(TM) i5-8350U CPU @ 1.70GHz
0.002787;0.001041;IsBipartite;571;1044;16636850176;Intel(R) Core(TM) i5-8350U CPU @ 1.70GHz
0.023543;0.027433;NumCC;589;1203;16636850176;Intel(R) Core(TM) i5-8350U CPU @ 1.70GHz
0.000972;0.00025;IsBipartite;615;1303;29308923904;AMD Ryzen 7 5700G with Radeon Graphics
0.004064;0.001081;IsBipartite;653;1421;16636850176;Intel(R) Core(TM) i5-8350U CPU @ 1.70GHz
0.017213;0.017943;NumCC;870;2483;29308923904;AMD Ryzen 7 5700G with Radeon Graphics
0.0052;0.001076;IsBipartite;726;1821;16636850176;Intel(R) Core(TM) i5-8350U CPU @ 1.70GHz
0.017152;0.017483;NumCC;858;2355;29308923904;AMD Ryzen 7 5700G with Radeon Graphics
0.001488;0.000396;IsBipartite;560;1063;16636850176;Intel(R) Core(TM) i5-8350U CPU @ 1.70GHz
0.006031;0.000683;IsBipartite;837;2232;16636850176;Intel(R) Core(TM) i5-8350U CPU @ 1.70GHz
0.019166;0.019567;NumCC;916;2775;29308923904;AMD Ryzen 7 5700G with Radeon Graphics
0.025184;0.026708;NumCC;593;1150;16636850176;Intel(R) Core(TM) i5-8350U CPU @ 1.70GHz
0.02817;0.032344;NumCC;665;1504;16636850176;Intel(R) Core(TM) i5-8350U CPU @ 1.70GHz
0.002011;0.000698;IsBipartite;523;936;16636850176;Intel(R) Core(TM) i5-8350U CPU @ 1.70GHz
0.012123;0.012524;NumCC;648;1399;29308923904;AMD Ryzen 7 5700G with Radeon Graphics
0.001872;0.000838;IsBipartite;512;865;16636850176;Intel(R) Core(TM) i5-8350U CPU @ 1.70GHz
0.016451;0.016792;NumCC;809;2237;29308923904;AMD Ryzen 7 5700G with Radeon Graphics
0.013375;0.013516;NumCC;703;1647;29308923904;AMD Ryzen 7 5700G with Radeon Graphics
0.003066;0.0003;IsBipartite;869;2548;29308923904;AMD Ryzen 7 5700G with Radeon Graphics
0.002655;0.000211;IsBipartite;871;2507;29308923904;AMD Ryzen 7 5700G with Radeon Graphics
0.027771;0.031798;NumCC;602;1184;16636850176;Intel(R) Core(TM) i5-8350U CPU @ 1.70GHz
0.012404;0.013044;NumCC;680;1530;29308923904;AMD Ryzen 7 5700G with Radeon Graphics
0.012424;0.012884;NumCC;682;1538;29308923904;AMD Ryzen 7 5700G with Radeon Graphics
0.032735;0.036818;NumCC;737;1830;16636850176;Intel(R) Core(TM) i5-8350U CPU @ 1.70GHz
0.002174;0.000341;IsBipartite;783;2000;29308923904;AMD Ryzen 7 5700G with Radeon Graphics
0.041645;0.048383;NumCC;881;2650;16636850176;Intel(R) Core(TM) i5-8350U CPU @ 1.70GHz
0.020679;0.021761;NumCC;983;3224;29308923904;AMD Ryzen 7 5700G with Radeon Graphics
0.038291;0.052604;NumCC;830;2332;16636850176;Intel(R) Core(TM) i5-8350U CPU @ 1.70GHz
0.023531;0.02588;NumCC;556;1078;16636850176;Intel(R) Core(TM) i5-8350U CPU @ 1.70GHz
0.023441;0.027016;NumCC;577;1114;16636850176;Intel(R) Core(TM) i5-8350U CPU @ 1.70GHz
0.029004;0.032613;NumCC;676;1503;16636850176;Intel(R) Core(TM) i5-8350U CPU @ 1.70GHz
0.001763;0.000421;IsBipartite;707;1668;29308923904;AMD Ryzen 7 5700G with Radeon Graphics
0.001052;0.000311;IsBipartite;603;1265;29308923904;AMD Ryzen 7 5700G with Radeon Graphics
0.002035;0.000592;IsBipartite;529;924;16636850176;Intel(R) Core(TM) i5-8350U CPU @ 1.70GHz
0.018475;0.018535;NumCC;874;2585;29308923904;AMD Ryzen 7 5700G with Radeon Graphics
0.010319;0.01065;NumCC;585;1095;29308923904;AMD Ryzen 7 5700G with Radeon Graphics
0.003146;0.000461;IsBipartite;891;2600;29308923904;AMD Ryzen 7 5700G with Radeon Graphics
0.002311;0.000425;IsBipartite;550;1043;16636850176;Intel(R) Core(TM) i5-8350U CPU @ 1.70GHz
0.001443;0.00026;IsBipartite;688;1586;29308923904;AMD Ryzen 7 5700G with Radeon Graphics
0.010369;0.01061;NumCC;582;1102;29308923904;AMD Ryzen 7 5700G with Radeon Graphics
0.044185;0.051823;NumCC;941;2934;16636850176;Intel(R) Core(TM) i5-8350U CPU @ 1.70GHz
0.003046;0.000291;IsBipartite;901;2672;29308923904;AMD Ryzen 7 5700G with Radeon Graphics
0.008786;0.00077;IsBipartite;927;2783;16636850176;Intel(R) Core(TM) i5-8350U CPU @ 1.70GHz
0.033951;0.038826;NumCC;725;1746;16636850176;Intel(R) Core(TM) i5-8350U CPU @ 1.70GHz
0.002167;0.000829;IsBipartite;536;972;16636850176;Intel(R) Core(TM) i5-8350U CPU @ 1.70GHz
0.016651;0.017222;NumCC;824;2286;29308923904;AMD Ryzen 7 5700G with Radeon Graphics
0.022138;0.025167;NumCC;557;990;16636850176;Intel(R) Core(TM) i5-8350U CPU @ 1.70GHz
0.009031;0.001089;IsBipartite;881;2558;16636850176;Intel(R) Core(TM) i5-8350U CPU @ 1.70GHz
0.005633;0.000839;IsBipartite;781;1949;16636850176;Intel(R) Core(TM) i5-8350U CPU @ 1.70GHz
0.004439;0.000755;IsBipartite;743;1810;16636850176;Intel(R) Core(TM) i5-8350U CPU @ 1.70GHz
0.002925;0.00036;IsBipartite;850;2400;29308923904;AMD Ryzen 7 5700G with Radeon Graphics
0.044059;0.049487;NumCC;909;2736;16636850176;Intel(R) Core(TM) i5-8350U CPU @ 1.70GHz
0.010954;0.000939;IsBipartite;971;3087;16636850176;Intel(R) Core(TM) i5-8350U CPU @ 1.70GHz
0.0077;0.000594;IsBipartite;922;2825;16636850176;Intel(R) Core(TM) i5-8350U CPU @ 1.70GHz
0.011031;0.000863;IsBipartite;936;2936;16636850176;Intel(R) Core(TM) i5-8350U CPU @ 1.70GHz
0.006151;0.000539;IsBipartite;825;2219;16636850176;Intel(R) Core(TM) i5-8350U CPU @ 1.70GHz
0.000641;0.000271;IsBipartite;551;1017;29308923904;AMD Ryzen 7 5700G with Radeon Graphics
0.003918;0.00021;IsBipartite;994;3304;29308923904;AMD Ryzen 7 5700G with Radeon Graphics
0.011912;0.012754;NumCC;644;1501;29308923904;AMD Ryzen 7 5700G with Radeon Graphics
0.001803;0.000211;IsBipartite;739;1837;29308923904;AMD Ryzen 7 5700G with Radeon Graphics
0.024433;0.028296;NumCC;608;1221;16636850176;Intel(R) Core(TM) i5-8350U CPU @ 1.70GHz
0.011314;0.000987;IsBipartite;993;3274;16636850176;Intel(R) Core(TM) i5-8350U CPU @ 1.70GHz
0.001102;0.000341;IsBipartite;625;1285;29308923904;AMD Ryzen 7 5700G with Radeon Graphics
0.001363;0.000251;IsBipartite;698;1657;29308923904;AMD Ryzen 7 5700G with Radeon Graphics
0.016652;0.016932;NumCC;833;2266;29308923904;AMD Ryzen 7 5700G with Radeon Graphics
0.017222;0.017603;NumCC;841;2376;29308923904;AMD Ryzen 7 5700G with Radeon Graphics
0.012644;0.013005;NumCC;685;1509;29308923904;AMD Ryzen 7 5700G with Radeon Graphics
0.041115;0.050024;NumCC;915;2759;16636850176;Intel(R) Core(TM) i5-8350U CPU @ 1.70GHz
0.010529;0.010871;NumCC;592;1175;29308923904;AMD Ryzen 7 5700G with Radeon Graphics
0.003615;0.00091;IsBipartite;603;1137;16636850176;Intel(R) Core(TM) i5-8350U CPU @ 1.70GHz
